PASSENGERS,FREIGHT,UNIQUE_CARRIER_NAME,DEST_CITY_NAME,YEAR,MONTH
0.00,0.00,Ameristar Air Cargo,"Niagara Falls, NY",2023,1
0.00,0.00,Ameristar Air Cargo,"Rocky Mount, NC",2023,1
0.00,0.00,Atlas Air Inc.,"Cincinnati, OH",2023,1
0.00,0.00,Atlas Air Inc.,"Indianapolis, IN",2023,1
0.00,0.00,Atlas Air Inc.,"Los Angeles, CA",2023,1
0.00,0.00,Atlas Air Inc.,"New York, NY",2023,1
0.00,0.00,Atlas Air Inc.,"New York, NY",2023,1
0.00,0.00,CFM Inc d/b/a Contour Airlines d/b/a One Jet Shuttle,"Buffalo, NY",2023,1
0.00,0.00,CFM Inc d/b/a Contour Airlines d/b/a One Jet Shuttle,"Charlotte, NC",2023,1
0.00,0.00,CFM Inc d/b/a Contour Airlines d/b/a One Jet Shuttle,"Clarksburg/Fairmont, WV",2023,1
0.00,0.00,CFM Inc d/b/a Contour Airlines d/b/a One Jet Shuttle,"East Farmingdale, NY",2023,1
0.00,0.00,CFM Inc d/b/a Contour Airlines d/b/a One Jet Shuttle,"Nashville, TN",2023,1
0.00,0.00,CFM Inc d/b/a Contour Airlines d/b/a One Jet Shuttle,"Sarasota/Bradenton, FL",2023,1
0.00,0.00,CFM Inc d/b/a Contour Airlines d/b/a One Jet Shuttle,"Smyrna, TN",2023,1
0.00,0.00,CFM Inc d/b/a Contour Airlines d/b/a One Jet Shuttle,"Smyrna, TN",2023,1
0.00,0.00,CFM Inc d/b/a Contour Airlines d/b/a One Jet Shuttle,"Smyrna, TN",2023,1
0.00,0.00,CFM Inc d/b/a Contour Airlines d/b/a One Jet Shuttle,"West Palm Beach/Palm Beach, FL",2023,1
0.00,0.00,CFM Inc d/b/a Contour Airlines d/b/a One Jet Shuttle,"White Plains, NY",2023,1
0.00,0.00,CFM Inc d/b/a Contour Airlines d/b/a One Jet Shuttle,"White Plains, NY",2023,1
0.00,0.00,CFM Inc d/b/a Contour Airlines d/b/a One Jet Shuttle,"White Plains, NY",2023,1
0.00,0.00,CFM Inc d/b/a Contour Airlines d/b/a One Jet Shuttle,"White Plains, NY",2023,1
0.00,0.00,Cape Air,"Martha's Vineyard, MA",2023,1
0.00,0.00,Cape Air,"Nantucket, MA",2023,1
0.00,0.00,Cape Air,"White Plains, NY",2023,1
0.00,0.00,Cape Air,"White Plains, NY",2023,1
0.00,0.00,CommuteAir LLC dba CommuteAir,"Albany, NY",2023,1
0.00,0.00,"Global Crossing Airlines, Inc.","Bedford, MA",2023,1
0.00,0.00,"Global Crossing Airlines, Inc.","Champaign/Urbana, IL",2023,1
0.00,0.00,"Global Crossing Airlines, Inc.","Detroit, MI",2023,1
0.00,0.00,"Global Crossing Airlines, Inc.","Indianapolis, IN",2023,1
0.00,0.00,"Global Crossing Airlines, Inc.","Miami, FL",2023,1
0.00,0.00,"Global Crossing Airlines, Inc.","Miami, FL",2023,1
0.00,0.00,"Global Crossing Airlines, Inc.","Raleigh/Durham, NC",2023,1
0.00,0.00,"Global Crossing Airlines, Inc.","Raleigh/Durham, NC",2023,1
0.00,0.00,"Global Crossing Airlines, Inc.","State College, PA",2023,1
0.00,0.00,"Global Crossing Airlines, Inc.","State College, PA",2023,1
0.00,0.00,"Global Crossing Airlines, Inc.","Syracuse, NY",2023,1
0.00,0.00,"Global Crossing Airlines, Inc.","Syracuse, NY",2023,1
0.00,0.00,"Global Crossing Airlines, Inc.","Syracuse, NY",2023,1
0.00,0.00,"Global Crossing Airlines, Inc.","Syracuse, NY",2023,1
0.00,0.00,"Global Crossing Airlines, Inc.","Syracuse, NY",2023,1
0.00,0.00,"Global Crossing Airlines, Inc.","Syracuse, NY",2023,1
0.00,0.00,"Global Crossing Airlines, Inc.","Washington, DC",2023,1
0.00,0.00,"Global Crossing Airlines, Inc.","White Plains, NY",2023,1
0.00,0.00,"Global Crossing Airlines, Inc.","White Plains, NY",2023,1
0.00,0.00,Kalitta Air LLC,"Los Angeles, CA",2023,1
0.00,0.00,Kalitta Air LLC,"Newburgh/Poughkeepsie, NY",2023,1
0.00,0.00,Kalitta Charters II,"Detroit, MI",2023,1
0.00,0.00,National Air Cargo Group Inc d/ba National Airlines,"New York, NY",2023,1
0.00,0.00,National Air Cargo Group Inc d/ba National Airlines,"Orlando, FL",2023,1
0.00,0.00,Republic Airline,"Albany, NY",2023,1
0.00,0.00,Republic Airline,"Allentown/Bethlehem/Easton, PA",2023,1
0.00,0.00,Republic Airline,"New York, NY",2023,1
0.00,0.00,Republic Airline,"New York, NY",2023,1
0.00,0.00,Republic Airline,"New York, NY",2023,1
0.00,0.00,Republic Airline,"New York, NY",2023,1
0.00,0.00,"Swift Air, LLC d/b/a Eastern Air Lines d/b/a Eastern","Champaign/Urbana, IL",2023,1
0.00,0.00,"Swift Air, LLC d/b/a Eastern Air Lines d/b/a Eastern","Detroit, MI",2023,1
0.00,0.00,"Swift Air, LLC d/b/a Eastern Air Lines d/b/a Eastern","East Farmingdale, NY",2023,1
0.00,0.00,"Swift Air, LLC d/b/a Eastern Air Lines d/b/a Eastern","East Farmingdale, NY",2023,1
0.00,0.00,"Swift Air, LLC d/b/a Eastern Air Lines d/b/a Eastern","East Farmingdale, NY",2023,1
0.00,0.00,"Swift Air, LLC d/b/a Eastern Air Lines d/b/a Eastern","East Farmingdale, NY",2023,1
0.00,0.00,"Swift Air, LLC d/b/a Eastern Air Lines d/b/a Eastern","Phoenix, AZ",2023,1
0.00,0.00,"Swift Air, LLC d/b/a Eastern Air Lines d/b/a Eastern","Rome, NY",2023,1
0.00,0.00,"Swift Air, LLC d/b/a Eastern Air Lines d/b/a Eastern","Washington, DC",2023,1
0.00,0.00,"Swift Air, LLC d/b/a Eastern Air Lines d/b/a Eastern","White Plains, NY",2023,1
0.00,0.00,"Swift Air, LLC d/b/a Eastern Air Lines d/b/a Eastern","White Plains, NY",2023,1
0.00,0.00,TEM Enterprises dba  Avelo Airlines,"East Farmingdale, NY",2023,1
0.00,0.00,TEM Enterprises dba  Avelo Airlines,"East Farmingdale, NY",2023,1
0.00,0.00,TEM Enterprises dba  Avelo Airlines,"East Farmingdale, NY",2023,1
0.00,0.00,TEM Enterprises dba  Avelo Airlines,"New Haven, CT",2023,1
0.00,0.00,United Air Lines Inc.,"Memphis, TN",2023,1
0.00,0.00,United Air Lines Inc.,"New York, NY",2023,1
0.00,0.00,United Air Lines Inc.,"Orlando, FL",2023,1
0.00,0.00,United Air Lines Inc.,"Seattle, WA",2023,1
0.00,0.00,"Western Air Charter, Inc.  d/b/a  Jet Edge","Baltimore, MD",2023,1
0.00,0.00,"Western Air Charter, Inc.  d/b/a  Jet Edge","Bedford, MA",2023,1
0.00,0.00,"Western Air Charter, Inc.  d/b/a  Jet Edge","Bedford, MA",2023,1
0.00,0.00,"Western Air Charter, Inc.  d/b/a  Jet Edge","Jacksonville, FL",2023,1
0.00,0.00,"Western Air Charter, Inc.  d/b/a  Jet Edge","London/Corbin, KY",2023,1
0.00,0.00,"Western Air Charter, Inc.  d/b/a  Jet Edge","New York, NY",2023,1
0.00,0.00,"Western Air Charter, Inc.  d/b/a  Jet Edge","Newark, NJ",2023,1
0.00,0.00,"Western Air Charter, Inc.  d/b/a  Jet Edge","Portland, TN",2023,1
0.00,0.00,"Western Air Charter, Inc.  d/b/a  Jet Edge","Syracuse, NY",2023,1
0.00,0.00,"Western Air Charter, Inc.  d/b/a  Jet Edge","Teterboro, NJ",2023,1
0.00,0.00,"Western Air Charter, Inc.  d/b/a  Jet Edge","Teterboro, NJ",2023,1
0.00,0.00,"Western Air Charter, Inc.  d/b/a  Jet Edge","White Plains, NY",2023,1
0.00,0.00,"Western Air Charter, Inc.  d/b/a  Jet Edge","White Plains, NY",2023,1
0.00,0.00,"Western Air Charter, Inc.  d/b/a  Jet Edge","White Plains, NY",2023,1
0.00,70.00,Southwest Airlines Co.,"New York, NY",2023,1
0.00,132.00,Southwest Airlines Co.,"New York, NY",2023,1
0.00,220.00,Atlas Air Inc.,"New York, NY",2023,1
0.00,958.00,Delta Air Lines Inc.,"Los Angeles, CA",2023,1
0.00,1237.00,Delta Air Lines Inc.,"Detroit, MI",2023,1
0.00,2860.00,Federal Express Corporation,"Newburgh/Poughkeepsie, NY",2023,1
0.00,3756.00,Delta Air Lines Inc.,"Boston, MA",2023,1
0.00,5484.00,Delta Air Lines Inc.,"New York, NY",2023,1
0.00,7000.00,USA Jet Airlines Inc.,"Niagara Falls, NY",2023,1
0.00,7438.00,United Parcel Service,"Columbia, SC",2023,1
0.00,7500.00,Kalitta Charters II,"Rochester, NY",2023,1
0.00,9624.00,Delta Air Lines Inc.,"Atlanta, GA",2023,1
0.00,9793.00,Federal Express Corporation,"Rochester, NY",2023,1
0.00,11754.00,United Parcel Service,"Harrisburg, PA",2023,1
0.00,15535.00,United Parcel Service,"Hartford, CT",2023,1
0.00,15677.00,Federal Express Corporation,"Elmira/Corning, NY",2023,1
0.00,15720.00,United Parcel Service,"Newark, NJ",2023,1
0.00,17065.00,United Parcel Service,"Washington, DC",2023,1
0.00,17500.00,Ameristar Air Cargo,"Niagara Falls, NY",2023,1
0.00,23622.00,United Parcel Service,"Newark, NJ",2023,1
0.00,27155.00,Kalitta Charters II,"Rochester, NY",2023,1
0.00,29781.00,Kalitta Charters II,"Hartford, CT",2023,1
0.00,32399.00,Federal Express Corporation,"Newark, NJ",2023,1
0.00,36279.00,Federal Express Corporation,"Albany, NY",2023,1
0.00,37382.00,Federal Express Corporation,"Philadelphia, PA",2023,1
0.00,46164.00,United Parcel Service,"Philadelphia, PA",2023,1
0.00,46744.00,Federal Express Corporation,"Rochester, NY",2023,1
0.00,47243.00,United Parcel Service,"Cleveland, OH",2023,1
0.00,50109.00,United Parcel Service,"Newark, NJ",2023,1
0.00,56874.00,Federal Express Corporation,"Indianapolis, IN",2023,1
0.00,58749.00,Atlas Air Inc.,"Buffalo, NY",2023,1
0.00,63218.00,United Parcel Service,"Harrisburg, PA",2023,1
0.00,67191.00,Federal Express Corporation,"Newark, NJ",2023,1
0.00,71450.00,Federal Express Corporation,"New York, NY",2023,1
0.00,84191.00,Federal Express Corporation,"Syracuse, NY",2023,1
0.00,86864.00,Federal Express Corporation,"Buffalo, NY",2023,1
0.00,104512.00,Federal Express Corporation,"Allentown/Bethlehem/Easton, PA",2023,1
0.00,112120.00,United Parcel Service,"Philadelphia, PA",2023,1
0.00,117687.00,Federal Express Corporation,"Buffalo, NY",2023,1
0.00,121218.00,Federal Express Corporation,"Columbus, OH",2023,1
0.00,149953.00,Kalitta Air LLC,"New York, NY",2023,1
0.00,170000.00,USA Jet Airlines Inc.,"Niagara Falls, NY",2023,1
0.00,176961.00,Atlas Air Inc.,"New York, NY",2023,1
0.00,178336.00,United Parcel Service,"Buffalo, NY",2023,1
0.00,204429.00,Federal Express Corporation,"Newark, NJ",2023,1
0.00,229036.00,National Air Cargo Group Inc d/ba National Airlines,"Houston, TX",2023,1
0.00,254879.00,Federal Express Corporation,"Syracuse, NY",2023,1
0.00,258866.00,Federal Express Corporation,"Rochester, NY",2023,1
0.00,269780.00,Federal Express Corporation,"Syracuse, NY",2023,1
0.00,271729.00,Atlas Air Inc.,"New York, NY",2023,1
0.00,286025.00,United Parcel Service,"Syracuse, NY",2023,1
0.00,307427.00,United Parcel Service,"Buffalo, NY",2023,1
0.00,309196.00,United Parcel Service,"Louisville, KY",2023,1
0.00,313757.00,Federal Express Corporation,"Burlington, VT",2023,1
0.00,371699.00,United Parcel Service,"New York, NY",2023,1
0.00,404091.00,Kalitta Air LLC,"New York, NY",2023,1
0.00,406944.00,Federal Express Corporation,"Indianapolis, IN",2023,1
0.00,450778.00,Federal Express Corporation,"Indianapolis, IN",2023,1
0.00,455843.00,United Parcel Service,"Louisville, KY",2023,1
0.00,468738.00,United Parcel Service,"Rockford, IL",2023,1
0.00,479185.00,Federal Express Corporation,"Syracuse, NY",2023,1
0.00,484030.00,United Parcel Service,"Buffalo, NY",2023,1
0.00,507379.00,Kalitta Charters II,"Cincinnati, OH",2023,1
0.00,531383.00,Federal Express Corporation,"Memphis, TN",2023,1
0.00,532795.00,United Parcel Service,"Albany, NY",2023,1
0.00,538654.00,Kalitta Charters II,"Rochester, NY",2023,1
0.00,562176.00,Federal Express Corporation,"Memphis, TN",2023,1
0.00,580266.00,United Parcel Service,"Albany, NY",2023,1
0.00,584609.00,United Parcel Service,"Syracuse, NY",2023,1
0.00,606239.00,Federal Express Corporation,"Buffalo, NY",2023,1
0.00,606591.00,United Parcel Service,"Philadelphia, PA",2023,1
0.00,610640.00,Federal Express Corporation,"Albany, NY",2023,1
0.00,613661.00,Federal Express Corporation,"Memphis, TN",2023,1
0.00,632145.00,United Parcel Service,"New York, NY",2023,1
0.00,662243.00,Federal Express Corporation,"Syracuse, NY",2023,1
0.00,675159.00,Federal Express Corporation,"Newburgh/Poughkeepsie, NY",2023,1
0.00,693886.00,Federal Express Corporation,"Memphis, TN",2023,1
0.00,751991.00,United Parcel Service,"Newburgh/Poughkeepsie, NY",2023,1
0.00,1008031.00,United Parcel Service,"Louisville, KY",2023,1
0.00,1028859.00,Kalitta Air LLC,"Cincinnati, OH",2023,1
0.00,1037434.00,Federal Express Corporation,"Newburgh/Poughkeepsie, NY",2023,1
0.00,1053795.00,Atlas Air Inc.,"Chicago, IL",2023,1
0.00,1099629.00,Kalitta Air LLC,"Anchorage, AK",2023,1
0.00,1195860.00,United Parcel Service,"Louisville, KY",2023,1
0.00,1220801.00,United Parcel Service,"Buffalo, NY",2023,1
0.00,1248966.00,Air Transport International,"Dallas/Fort Worth, TX",2023,1
0.00,1269936.00,Federal Express Corporation,"Indianapolis, IN",2023,1
0.00,1445365.00,United Parcel Service,"Syracuse, NY",2023,1
0.00,1448873.00,Air Transport International,"Rockford, IL",2023,1
0.00,1597725.00,Federal Express Corporation,"New York, NY",2023,1
0.00,1980587.00,Federal Express Corporation,"Memphis, TN",2023,1
0.00,2005997.00,Air Transport International,"New York, NY",2023,1
0.00,2077352.00,Air Transport International,"New York, NY",2023,1
0.00,2230637.00,ABX Air Inc,"Cincinnati, OH",2023,1
0.00,2290483.00,Atlas Air Inc.,"Anchorage, AK",2023,1
0.00,2437863.00,United Parcel Service,"Louisville, KY",2023,1
0.00,2474935.00,Air Transport International,"Cincinnati, OH",2023,1
0.00,2723234.00,ABX Air Inc,"New York, NY",2023,1
0.00,2971688.00,Air Transport International,"New York, NY",2023,1
0.00,3089213.00,United Parcel Service,"New York, NY",2023,1
0.00,3896958.00,Federal Express Corporation,"Rochester, NY",2023,1
0.00,4326227.00,Kalitta Air LLC,"New York, NY",2023,1
0.00,4816492.00,Federal Express Corporation,"New York, NY",2023,1
0.00,5000492.00,Federal Express Corporation,"Memphis, TN",2023,1
1.00,0.00,Delta Air Lines Inc.,"New York, NY",2023,1
1.00,0.00,Endeavor Air Inc.,"New York, NY",2023,1
1.00,0.00,Southwest Airlines Co.,"Atlanta, GA",2023,1
1.00,0.00,Southwest Airlines Co.,"Boise, ID",2023,1
1.00,0.00,Southwest Airlines Co.,"Buffalo, NY",2023,1
1.00,0.00,Southwest Airlines Co.,"Buffalo, NY",2023,1
1.00,0.00,Southwest Airlines Co.,"Fort Myers, FL",2023,1
1.00,0.00,Southwest Airlines Co.,"Islip, NY",2023,1
1.00,0.00,Southwest Airlines Co.,"Islip, NY",2023,1
1.00,0.00,Southwest Airlines Co.,"Islip, NY",2023,1
1.00,0.00,Southwest Airlines Co.,"Minneapolis, MN",2023,1
1.00,0.00,Southwest Airlines Co.,"Norfolk, VA",2023,1
1.00,0.00,Southwest Airlines Co.,"San Antonio, TX",2023,1
1.00,0.00,"Tailwind Air, LLC","Nantucket, MA",2023,1
1.00,0.00,"Tailwind Air, LLC","White Plains, NY",2023,1
1.00,0.00,Tradewind Aviation,"Newburgh/Poughkeepsie, NY",2023,1
1.00,0.00,Tradewind Aviation,"Newburgh/Poughkeepsie, NY",2023,1
1.00,0.00,Tradewind Aviation,"Pontiac, MI",2023,1
1.00,0.00,"Western Air Charter, Inc.  d/b/a  Jet Edge","New York, NY",2023,1
1.00,0.00,"Western Air Charter, Inc.  d/b/a  Jet Edge","White Plains, NY",2023,1
1.00,7331284.00,Atlas Air Inc.,"New York, NY",2023,1
2.00,0.00,CFM Inc d/b/a Contour Airlines d/b/a One Jet Shuttle,"New York, NY",2023,1
2.00,0.00,Cape Air,"New York, NY",2023,1
2.00,0.00,Southwest Airlines Co.,"Albany, NY",2023,1
2.00,0.00,Southwest Airlines Co.,"Birmingham, AL",2023,1
2.00,0.00,Southwest Airlines Co.,"Buffalo, NY",2023,1
2.00,0.00,Southwest Airlines Co.,"Nashville, TN",2023,1
2.00,0.00,Southwest Airlines Co.,"Rochester, NY",2023,1
2.00,0.00,Southwest Airlines Co.,"Rochester, NY",2023,1
2.00,0.00,Southwest Airlines Co.,"Rochester, NY",2023,1
2.00,0.00,Southwest Airlines Co.,"Syracuse, NY",2023,1
2.00,0.00,"Tailwind Air, LLC","Bedford, MA",2023,1
2.00,0.00,"Tailwind Air, LLC","Washington, DC",2023,1
2.00,0.00,"Tailwind Air, LLC","White Plains, NY",2023,1
2.00,0.00,Tradewind Aviation,"Baltimore, MD",2023,1
2.00,0.00,Tradewind Aviation,"Boston, MA",2023,1
2.00,0.00,Tradewind Aviation,"East Farmingdale, NY",2023,1
2.00,0.00,Tradewind Aviation,"Hyannis, MA",2023,1
2.00,0.00,Tradewind Aviation,"Jamestown, NY",2023,1
2.00,0.00,Tradewind Aviation,"Martha's Vineyard, MA",2023,1
2.00,0.00,Tradewind Aviation,"New York, NY",2023,1
2.00,0.00,Tradewind Aviation,"Newport, RI",2023,1
2.00,0.00,Tradewind Aviation,"Ogdensburg, NY",2023,1
2.00,0.00,Tradewind Aviation,"Saratoga Springs, NY",2023,1
2.00,0.00,Tradewind Aviation,"West Palm Beach/Palm Beach, FL",2023,1
2.00,0.00,Tradewind Aviation,"White Plains, NY",2023,1
2.00,0.00,Tradewind Aviation,"White Plains, NY",2023,1
2.00,0.00,Tradewind Aviation,"White Plains, NY",2023,1
2.00,0.00,Tradewind Aviation,"Wilmington, NC",2023,1
2.00,0.00,United Air Lines Inc.,"New York, NY",2023,1
2.00,0.00,United Air Lines Inc.,"New York, NY",2023,1
2.00,0.00,"Western Air Charter, Inc.  d/b/a  Jet Edge","Pontiac, MI",2023,1
2.00,0.00,"Western Air Charter, Inc.  d/b/a  Jet Edge","San Jose, CA",2023,1
3.00,0.00,Southwest Airlines Co.,"Albany, NY",2023,1
3.00,0.00,Southwest Airlines Co.,"Islip, NY",2023,1
3.00,0.00,Southwest Airlines Co.,"New Orleans, LA",2023,1
3.00,0.00,Southwest Airlines Co.,"Rochester, NY",2023,1
3.00,0.00,Tradewind Aviation,"Albany, NY",2023,1
3.00,0.00,Tradewind Aviation,"Atlanta, GA",2023,1
3.00,0.00,Tradewind Aviation,"New York, NY",2023,1
3.00,0.00,Tradewind Aviation,"Rockland, ME",2023,1
3.00,0.00,Tradewind Aviation,"Teterboro, NJ",2023,1
3.00,0.00,Tradewind Aviation,"White Plains, NY",2023,1
3.00,0.00,Tradewind Aviation,"White Plains, NY",2023,1
3.00,0.00,Tradewind Aviation,"White Plains, NY",2023,1
4.00,0.00,CFM Inc d/b/a Contour Airlines d/b/a One Jet Shuttle,"Westhampton, NY",2023,1
4.00,0.00,CFM Inc d/b/a Contour Airlines d/b/a One Jet Shuttle,"White Plains, NY",2023,1
4.00,0.00,Cape Air,"Nantucket, MA",2023,1
4.00,0.00,Republic Airline,"New York, NY",2023,1
4.00,0.00,Southwest Airlines Co.,"Houston, TX",2023,1
4.00,0.00,Southwest Airlines Co.,"Indianapolis, IN",2023,1
4.00,0.00,Southwest Airlines Co.,"Islip, NY",2023,1
4.00,0.00,Southwest Airlines Co.,"Islip, NY",2023,1
4.00,0.00,Southwest Airlines Co.,"Las Vegas, NV",2023,1
4.00,0.00,Southwest Airlines Co.,"Long Beach, CA",2023,1
4.00,0.00,Southwest Airlines Co.,"New York, NY",2023,1
4.00,0.00,Southwest Airlines Co.,"New York, NY",2023,1
4.00,0.00,Southwest Airlines Co.,"Panama City, FL",2023,1
4.00,0.00,Southwest Airlines Co.,"Salt Lake City, UT",2023,1
4.00,0.00,Southwest Airlines Co.,"San Juan, PR",2023,1
4.00,0.00,Southwest Airlines Co.,"Spokane, WA",2023,1
4.00,0.00,Southwest Airlines Co.,"Syracuse, NY",2023,1
4.00,0.00,Tradewind Aviation,"Bedford, MA",2023,1
4.00,0.00,Tradewind Aviation,"East Farmingdale, NY",2023,1
4.00,0.00,Tradewind Aviation,"Morristown, NJ",2023,1
4.00,0.00,Tradewind Aviation,"White Plains, NY",2023,1
4.00,0.00,Tradewind Aviation,"White Plains, NY",2023,1
4.00,0.00,"Western Air Charter, Inc.  d/b/a  Jet Edge","East Farmingdale, NY",2023,1
4.00,0.00,"Western Air Charter, Inc.  d/b/a  Jet Edge","East Farmingdale, NY",2023,1
4.00,0.00,"Western Air Charter, Inc.  d/b/a  Jet Edge","West Palm Beach/Palm Beach, FL",2023,1
5.00,0.00,CFM Inc d/b/a Contour Airlines d/b/a One Jet Shuttle,"White Plains, NY",2023,1
5.00,0.00,Delta Air Lines Inc.,"Augusta, GA",2023,1
5.00,0.00,Southwest Airlines Co.,"Albany, NY",2023,1
5.00,0.00,Southwest Airlines Co.,"Buffalo, NY",2023,1
5.00,0.00,Southwest Airlines Co.,"Colorado Springs, CO",2023,1
5.00,0.00,Southwest Airlines Co.,"Greer, SC",2023,1
5.00,0.00,Southwest Airlines Co.,"Islip, NY",2023,1
5.00,0.00,Southwest Airlines Co.,"Islip, NY",2023,1
5.00,0.00,Southwest Airlines Co.,"Las Vegas, NV",2023,1
5.00,0.00,Southwest Airlines Co.,"New Orleans, LA",2023,1
5.00,0.00,Southwest Airlines Co.,"New York, NY",2023,1
5.00,0.00,Southwest Airlines Co.,"New York, NY",2023,1
5.00,0.00,Southwest Airlines Co.,"San Jose, CA",2023,1
5.00,0.00,Southwest Airlines Co.,"Syracuse, NY",2023,1
5.00,0.00,Tradewind Aviation,"Glens Falls, NY",2023,1
5.00,0.00,Tradewind Aviation,"Portland, TN",2023,1
5.00,0.00,Tradewind Aviation,"White Plains, NY",2023,1
5.00,0.00,United Air Lines Inc.,"Bozeman, MT",2023,1
5.00,0.00,United Air Lines Inc.,"Syracuse, NY",2023,1
6.00,0.00,Endeavor Air Inc.,"New York, NY",2023,1
6.00,0.00,Southwest Airlines Co.,"Albany, NY",2023,1
6.00,0.00,Southwest Airlines Co.,"Albany, NY",2023,1
6.00,0.00,Tradewind Aviation,"Bedford, MA",2023,1
6.00,0.00,Tradewind Aviation,"East Farmingdale, NY",2023,1
6.00,0.00,Tradewind Aviation,"Trenton, NJ",2023,1
6.00,0.00,Tradewind Aviation,"White Plains, NY",2023,1
6.00,0.00,Tradewind Aviation,"White Plains, NY",2023,1
6.00,0.00,"Western Air Charter, Inc.  d/b/a  Jet Edge","Eagle, CO",2023,1
6.00,0.00,"Western Air Charter, Inc.  d/b/a  Jet Edge","White Plains, NY",2023,1
6.00,334.00,Southwest Airlines Co.,"Los Angeles, CA",2023,1
7.00,0.00,American Airlines Inc.,"New York, NY",2023,1
7.00,0.00,Southwest Airlines Co.,"Albany, NY",2023,1
7.00,0.00,Southwest Airlines Co.,"Buffalo, NY",2023,1
7.00,0.00,Southwest Airlines Co.,"Charlotte, NC",2023,1
7.00,0.00,Southwest Airlines Co.,"El Paso, TX",2023,1
7.00,0.00,Southwest Airlines Co.,"Islip, NY",2023,1
7.00,0.00,Southwest Airlines Co.,"Kansas City, MO",2023,1
7.00,0.00,Southwest Airlines Co.,"Midland/Odessa, TX",2023,1
7.00,0.00,Southwest Airlines Co.,"Reno, NV",2023,1
7.00,0.00,Southwest Airlines Co.,"Rochester, NY",2023,1
7.00,0.00,Tradewind Aviation,"White Plains, NY",2023,1
7.00,0.00,Tradewind Aviation,"White Plains, NY",2023,1
7.00,0.00,"Western Air Charter, Inc.  d/b/a  Jet Edge","White Plains, NY",2023,1
7.00,325.00,Southwest Airlines Co.,"Sacramento, CA",2023,1
8.00,0.00,CFM Inc d/b/a Contour Airlines d/b/a One Jet Shuttle,"East Farmingdale, NY",2023,1
8.00,0.00,Delta Air Lines Inc.,"Knoxville, TN",2023,1
8.00,0.00,Republic Airline,"New Orleans, LA",2023,1
8.00,0.00,Southwest Airlines Co.,"Charleston, SC",2023,1
8.00,0.00,Southwest Airlines Co.,"Jackson/Vicksburg, MS",2023,1
8.00,0.00,Southwest Airlines Co.,"St. Louis, MO",2023,1
8.00,0.00,Tradewind Aviation,"Boston, MA",2023,1
8.00,0.00,Tradewind Aviation,"New York, NY",2023,1
8.00,0.00,"Western Air Charter, Inc.  d/b/a  Jet Edge","West Palm Beach/Palm Beach, FL",2023,1
9.00,0.00,Endeavor Air Inc.,"Minneapolis, MN",2023,1
9.00,0.00,Southwest Airlines Co.,"Albany, NY",2023,1
9.00,0.00,Southwest Airlines Co.,"Memphis, TN",2023,1
9.00,0.00,Southwest Airlines Co.,"Nashville, TN",2023,1
9.00,0.00,Southwest Airlines Co.,"New Orleans, LA",2023,1
9.00,0.00,Southwest Airlines Co.,"New York, NY",2023,1
9.00,0.00,Southwest Airlines Co.,"Panama City, FL",2023,1
9.00,0.00,Tradewind Aviation,"Albany, NY",2023,1
9.00,0.00,Tradewind Aviation,"Buffalo, NY",2023,1
9.00,0.00,Tradewind Aviation,"Burlington, VT",2023,1
9.00,0.00,Tradewind Aviation,"Manchester, NH",2023,1
9.00,0.00,Tradewind Aviation,"New York, NY",2023,1
9.00,0.00,Tradewind Aviation,"White Plains, NY",2023,1
9.00,0.00,United Air Lines Inc.,"New York, NY",2023,1
9.00,0.00,United Air Lines Inc.,"Rochester, NY",2023,1
9.00,0.00,"Western Air Charter, Inc.  d/b/a  Jet Edge","White Plains, NY",2023,1
10.00,0.00,CFM Inc d/b/a Contour Airlines d/b/a One Jet Shuttle,"Miami, FL",2023,1
10.00,0.00,Southwest Airlines Co.,"New Orleans, LA",2023,1
10.00,0.00,"Western Air Charter, Inc.  d/b/a  Jet Edge","Boca Raton, FL",2023,1
10.00,0.00,"Western Air Charter, Inc.  d/b/a  Jet Edge","Oakland, CA",2023,1
10.00,0.00,"Western Air Charter, Inc.  d/b/a  Jet Edge","Rifle, CO",2023,1
10.00,0.00,"Western Air Charter, Inc.  d/b/a  Jet Edge","White Plains, NY",2023,1
10.00,0.00,"Western Air Charter, Inc.  d/b/a  Jet Edge","White Plains, NY",2023,1
11.00,0.00,CFM Inc d/b/a Contour Airlines d/b/a One Jet Shuttle,"Miami, FL",2023,1
11.00,0.00,Southwest Airlines Co.,"Islip, NY",2023,1
11.00,0.00,Southwest Airlines Co.,"Omaha, NE",2023,1
11.00,0.00,Southwest Airlines Co.,"Sarasota/Bradenton, FL",2023,1
12.00,0.00,Delta Air Lines Inc.,"Greer, SC",2023,1
12.00,0.00,Delta Air Lines Inc.,"Philadelphia, PA",2023,1
12.00,0.00,Republic Airline,"Bangor, ME",2023,1
12.00,0.00,Southwest Airlines Co.,"Albany, NY",2023,1
12.00,0.00,Southwest Airlines Co.,"Buffalo, NY",2023,1
12.00,0.00,Southwest Airlines Co.,"Little Rock, AR",2023,1
12.00,0.00,Southwest Airlines Co.,"Minneapolis, MN",2023,1
12.00,0.00,"Western Air Charter, Inc.  d/b/a  Jet Edge","White Plains, NY",2023,1
13.00,0.00,CFM Inc d/b/a Contour Airlines d/b/a One Jet Shuttle,"Bainbridge, GA",2023,1
13.00,0.00,CFM Inc d/b/a Contour Airlines d/b/a One Jet Shuttle,"White Plains, NY",2023,1
13.00,0.00,Southwest Airlines Co.,"Buffalo, NY",2023,1
13.00,0.00,Southwest Airlines Co.,"Miami, FL",2023,1
13.00,0.00,Southwest Airlines Co.,"New York, NY",2023,1
13.00,0.00,Southwest Airlines Co.,"San Diego, CA",2023,1
13.00,0.00,Southwest Airlines Co.,"Syracuse, NY",2023,1
14.00,0.00,Republic Airline,"Washington, DC",2023,1
14.00,0.00,Southwest Airlines Co.,"Islip, NY",2023,1
14.00,0.00,Tradewind Aviation,"Nantucket, MA",2023,1
15.00,0.00,Southwest Airlines Co.,"Denver, CO",2023,1
15.00,0.00,Southwest Airlines Co.,"Jacksonville, FL",2023,1
15.00,0.00,Southwest Airlines Co.,"New York, NY",2023,1
15.00,0.00,Southwest Airlines Co.,"Syracuse, NY",2023,1
15.00,0.00,Tradewind Aviation,"Saranac Lake/Lake Placid, NY",2023,1
16.00,0.00,Southwest Airlines Co.,"Albany, NY",2023,1
16.00,0.00,Southwest Airlines Co.,"Houston, TX",2023,1
16.00,0.00,Southwest Airlines Co.,"Islip, NY",2023,1
16.00,0.00,Southwest Airlines Co.,"New York, NY",2023,1
16.00,0.00,Southwest Airlines Co.,"San Juan, PR",2023,1
16.00,0.00,"Western Air Charter, Inc.  d/b/a  Jet Edge","White Plains, NY",2023,1
16.00,22.00,Southwest Airlines Co.,"Rochester, NY",2023,1
16.00,222.00,Southwest Airlines Co.,"Phoenix, AZ",2023,1
17.00,0.00,Southwest Airlines Co.,"New York, NY",2023,1
17.00,0.00,Southwest Airlines Co.,"New York, NY",2023,1
17.00,0.00,Southwest Airlines Co.,"Sarasota/Bradenton, FL",2023,1
17.00,308.00,Southwest Airlines Co.,"Buffalo, NY",2023,1
17.00,485.00,Southwest Airlines Co.,"Buffalo, NY",2023,1
18.00,0.00,JetBlue Airways,"New York, NY",2023,1
18.00,0.00,Southwest Airlines Co.,"Albuquerque, NM",2023,1
18.00,0.00,Southwest Airlines Co.,"San Antonio, TX",2023,1
18.00,222.00,Southwest Airlines Co.,"Miami, FL",2023,1
19.00,0.00,"Swift Air, LLC d/b/a Eastern Air Lines d/b/a Eastern","Bedford, MA",2023,1
20.00,0.00,Southwest Airlines Co.,"Las Vegas, NV",2023,1
20.00,0.00,Southwest Airlines Co.,"West Palm Beach/Palm Beach, FL",2023,1
20.00,0.00,Tradewind Aviation,"White Plains, NY",2023,1
20.00,323.00,Southwest Airlines Co.,"Islip, NY",2023,1
21.00,0.00,Southwest Airlines Co.,"Austin, TX",2023,1
21.00,0.00,Tradewind Aviation,"Teterboro, NJ",2023,1
22.00,0.00,Southwest Airlines Co.,"New York, NY",2023,1
22.00,0.00,Southwest Airlines Co.,"Rochester, NY",2023,1
23.00,0.00,Southwest Airlines Co.,"Austin, TX",2023,1
23.00,0.00,Southwest Airlines Co.,"Buffalo, NY",2023,1
23.00,0.00,Southwest Airlines Co.,"Fort Myers, FL",2023,1
24.00,0.00,Southwest Airlines Co.,"Oakland, CA",2023,1
24.00,0.00,Southwest Airlines Co.,"Rochester, NY",2023,1
24.00,0.00,Southwest Airlines Co.,"West Palm Beach/Palm Beach, FL",2023,1
27.00,0.00,JetBlue Airways,"New York, NY",2023,1
27.00,0.00,Southwest Airlines Co.,"Palm Springs, CA",2023,1
27.00,0.00,"Swift Air, LLC d/b/a Eastern Air Lines d/b/a Eastern","East Farmingdale, NY",2023,1
27.00,0.00,"Swift Air, LLC d/b/a Eastern Air Lines d/b/a Eastern","Milwaukee, WI",2023,1
28.00,0.00,Breeze Aviation Group DBA  Breeze,"Syracuse, NY",2023,1
28.00,0.00,Endeavor Air Inc.,"Lexington, KY",2023,1
28.00,0.00,Southwest Airlines Co.,"West Palm Beach/Palm Beach, FL",2023,1
29.00,0.00,CFM Inc d/b/a Contour Airlines d/b/a One Jet Shuttle,"Athens, OH",2023,1
29.00,0.00,CFM Inc d/b/a Contour Airlines d/b/a One Jet Shuttle,"Buffalo, NY",2023,1
29.00,0.00,CFM Inc d/b/a Contour Airlines d/b/a One Jet Shuttle,"St. Louis, MO",2023,1
29.00,0.00,CFM Inc d/b/a Contour Airlines d/b/a One Jet Shuttle,"White Plains, NY",2023,1
29.00,0.00,Southwest Airlines Co.,"Syracuse, NY",2023,1
29.00,0.00,"Swift Air, LLC d/b/a Eastern Air Lines d/b/a Eastern","Richmond, VA",2023,1
30.00,0.00,Breeze Aviation Group DBA  Breeze,"Syracuse, NY",2023,1
30.00,0.00,"Global Crossing Airlines, Inc.","Dayton, OH",2023,1
30.00,0.00,"Global Crossing Airlines, Inc.","Syracuse, NY",2023,1
30.00,0.00,"Global Crossing Airlines, Inc.","White Plains, NY",2023,1
30.00,0.00,Southwest Airlines Co.,"Austin, TX",2023,1
31.00,0.00,"Global Crossing Airlines, Inc.","St. Louis, MO",2023,1
31.00,0.00,"Global Crossing Airlines, Inc.","White Plains, NY",2023,1
31.00,0.00,Southwest Airlines Co.,"Fort Lauderdale, FL",2023,1
31.00,0.00,"Swift Air, LLC d/b/a Eastern Air Lines d/b/a Eastern","White Plains, NY",2023,1
32.00,0.00,"Swift Air, LLC d/b/a Eastern Air Lines d/b/a Eastern","Indianapolis, IN",2023,1
34.00,0.00,Breeze Aviation Group DBA  Breeze,"South Bend, IN",2023,1
35.00,0.00,Endeavor Air Inc.,"New York, NY",2023,1
35.00,0.00,Southwest Airlines Co.,"Greer, SC",2023,1
36.00,0.00,"Global Crossing Airlines, Inc.","Greer, SC",2023,1
36.00,0.00,Southwest Airlines Co.,"Rochester, NY",2023,1
37.00,0.00,CFM Inc d/b/a Contour Airlines d/b/a One Jet Shuttle,"White Plains, NY",2023,1
37.00,0.00,Delta Air Lines Inc.,"Syracuse, NY",2023,1
37.00,0.00,"Global Crossing Airlines, Inc.","Pittsburgh, PA",2023,1
37.00,0.00,"Global Crossing Airlines, Inc.","Syracuse, NY",2023,1
37.00,0.00,"Global Crossing Airlines, Inc.","White Plains, NY",2023,1
37.00,0.00,"Global Crossing Airlines, Inc.","White Plains, NY",2023,1
37.00,0.00,Southwest Airlines Co.,"Santa Ana, CA",2023,1
38.00,0.00,"Global Crossing Airlines, Inc.","White Plains, NY",2023,1
38.00,0.00,Southwest Airlines Co.,"Fort Lauderdale, FL",2023,1
38.00,0.00,"Swift Air, LLC d/b/a Eastern Air Lines d/b/a Eastern","Buffalo, NY",2023,1
38.00,0.00,"Swift Air, LLC d/b/a Eastern Air Lines d/b/a Eastern","East Farmingdale, NY",2023,1
38.00,56.00,Southwest Airlines Co.,"Boston, MA",2023,1
39.00,0.00,Southwest Airlines Co.,"Greer, SC",2023,1
39.00,0.00,"Swift Air, LLC d/b/a Eastern Air Lines d/b/a Eastern","East Farmingdale, NY",2023,1
39.00,80.00,Southwest Airlines Co.,"Dallas, TX",2023,1
40.00,0.00,Delta Air Lines Inc.,"Syracuse, NY",2023,1
40.00,0.00,"Global Crossing Airlines, Inc.","Roanoke, VA",2023,1
40.00,0.00,"Global Crossing Airlines, Inc.","Syracuse, NY",2023,1
40.00,0.00,JetBlue Airways,"Louisville, KY",2023,1
40.00,0.00,TEM Enterprises dba  Avelo Airlines,"Omaha, NE",2023,1
41.00,0.00,Delta Air Lines Inc.,"Louisville, KY",2023,1
41.00,0.00,Republic Airline,"Syracuse, NY",2023,1
41.00,0.00,Southwest Airlines Co.,"Albany, NY",2023,1
41.00,0.00,"Swift Air, LLC d/b/a Eastern Air Lines d/b/a Eastern","Bedford, MA",2023,1
42.00,0.00,Air Wisconsin Airlines Corp,"Albany, NY",2023,1
42.00,0.00,"Global Crossing Airlines, Inc.","Syracuse, NY",2023,1
42.00,0.00,Southwest Airlines Co.,"Atlanta, GA",2023,1
43.00,0.00,American Airlines Inc.,"Eagle, CO",2023,1
43.00,0.00,Piedmont Airlines,"Buffalo, NY",2023,1
44.00,0.00,CommuteAir LLC dba CommuteAir,"Burlington, VT",2023,1
44.00,0.00,Delta Air Lines Inc.,"Buffalo, NY",2023,1
44.00,0.00,Delta Air Lines Inc.,"Las Vegas, NV",2023,1
44.00,0.00,Delta Air Lines Inc.,"Phoenix, AZ",2023,1
44.00,0.00,Republic Airline,"Ithaca/Cortland, NY",2023,1
44.00,0.00,Southwest Airlines Co.,"Atlanta, GA",2023,1
44.00,2.00,Southwest Airlines Co.,"New York, NY",2023,1
45.00,0.00,"Global Crossing Airlines, Inc.","Charlottesville, VA",2023,1
45.00,0.00,Piedmont Airlines,"Philadelphia, PA",2023,1
45.00,0.00,Republic Airline,"New York, NY",2023,1
45.00,0.00,Southwest Airlines Co.,"Oakland, CA",2023,1
46.00,0.00,Delta Air Lines Inc.,"New York, NY",2023,1
46.00,0.00,GoJet Airlines LLC d/b/a United Express,"Buffalo, NY",2023,1
47.00,0.00,Delta Air Lines Inc.,"Boston, MA",2023,1
47.00,0.00,Delta Air Lines Inc.,"Milwaukee, WI",2023,1
47.00,0.00,Delta Air Lines Inc.,"White Plains, NY",2023,1
47.00,0.00,Endeavor Air Inc.,"New York, NY",2023,1
47.00,0.00,Endeavor Air Inc.,"New York, NY",2023,1
47.00,0.00,Southwest Airlines Co.,"New York, NY",2023,1
48.00,0.00,Delta Air Lines Inc.,"Buffalo, NY",2023,1
48.00,0.00,Delta Air Lines Inc.,"New York, NY",2023,1
48.00,0.00,Delta Air Lines Inc.,"Washington, DC",2023,1
48.00,0.00,"Swift Air, LLC d/b/a Eastern Air Lines d/b/a Eastern","Raleigh/Durham, NC",2023,1
49.00,0.00,Air Wisconsin Airlines Corp,"Chicago, IL",2023,1
49.00,0.00,Delta Air Lines Inc.,"Buffalo, NY",2023,1
49.00,0.00,Delta Air Lines Inc.,"Philadelphia, PA",2023,1
49.00,0.00,Delta Air Lines Inc.,"White Plains, NY",2023,1
49.00,0.00,Delta Air Lines Inc.,"White Plains, NY",2023,1
49.00,0.00,"Global Crossing Airlines, Inc.","Louisville, KY",2023,1
49.00,0.00,GoJet Airlines LLC d/b/a United Express,"Newark, NJ",2023,1
49.00,0.00,Republic Airline,"Rochester, NY",2023,1
50.00,0.00,"Swift Air, LLC d/b/a Eastern Air Lines d/b/a Eastern","East Farmingdale, NY",2023,1
51.00,0.00,Delta Air Lines Inc.,"Minneapolis, MN",2023,1
51.00,0.00,Southwest Airlines Co.,"Raleigh/Durham, NC",2023,1
51.00,0.00,Southwest Airlines Co.,"Syracuse, NY",2023,1
52.00,0.00,American Airlines Inc.,"Albany, NY",2023,1
52.00,0.00,American Airlines Inc.,"Montrose/Delta, CO",2023,1
52.00,0.00,Delta Air Lines Inc.,"Buffalo, NY",2023,1
53.00,0.00,Southwest Airlines Co.,"Sarasota/Bradenton, FL",2023,1
54.00,0.00,Delta Air Lines Inc.,"Minneapolis, MN",2023,1
54.00,0.00,Delta Air Lines Inc.,"Washington, DC",2023,1
55.00,0.00,Delta Air Lines Inc.,"Oklahoma City, OK",2023,1
55.00,0.00,Southwest Airlines Co.,"New York, NY",2023,1
55.00,0.00,"Swift Air, LLC d/b/a Eastern Air Lines d/b/a Eastern","Newark, NJ",2023,1
56.00,0.00,Delta Air Lines Inc.,"White Plains, NY",2023,1
56.00,0.00,Republic Airline,"Newark, NJ",2023,1
56.00,0.00,United Air Lines Inc.,"Syracuse, NY",2023,1
57.00,0.00,Delta Air Lines Inc.,"Atlanta, GA",2023,1
59.00,0.00,Southwest Airlines Co.,"Syracuse, NY",2023,1
61.00,0.00,"Global Crossing Airlines, Inc.","Syracuse, NY",2023,1
61.00,0.00,JetBlue Airways,"White Plains, NY",2023,1
62.00,0.00,Endeavor Air Inc.,"Washington, DC",2023,1
63.00,0.00,Southwest Airlines Co.,"Syracuse, NY",2023,1
63.00,0.00,Southwest Airlines Co.,"Syracuse, NY",2023,1
65.00,0.00,Republic Airline,"Charlotte, NC",2023,1
65.00,0.00,Southwest Airlines Co.,"Buffalo, NY",2023,1
65.00,0.00,"Swift Air, LLC d/b/a Eastern Air Lines d/b/a Eastern","White Plains, NY",2023,1
65.00,374.00,Southwest Airlines Co.,"Austin, TX",2023,1
66.00,0.00,Delta Air Lines Inc.,"New York, NY",2023,1
66.00,0.00,Endeavor Air Inc.,"New York, NY",2023,1
67.00,24.00,Southwest Airlines Co.,"Los Angeles, CA",2023,1
68.00,35.00,Southwest Airlines Co.,"New York, NY",2023,1
68.00,53.00,Southwest Airlines Co.,"Austin, TX",2023,1
69.00,0.00,Allegiant Air,"Buffalo, NY",2023,1
69.00,0.00,"Global Crossing Airlines, Inc.","White Plains, NY",2023,1
69.00,0.00,JetBlue Airways,"Norfolk, VA",2023,1
69.00,0.00,Southwest Airlines Co.,"Sarasota/Bradenton, FL",2023,1
70.00,0.00,"Global Crossing Airlines, Inc.","Buffalo, NY",2023,1
71.00,0.00,"Global Crossing Airlines, Inc.","Atlanta, GA",2023,1
72.00,0.00,SkyWest Airlines Inc.,"New York, NY",2023,1
73.00,0.00,Delta Air Lines Inc.,"Raleigh/Durham, NC",2023,1
73.00,0.00,Envoy Air,"Miami, FL",2023,1
73.00,0.00,Envoy Air,"Syracuse, NY",2023,1
74.00,0.00,Allegiant Air,"Chicago, IL",2023,1
74.00,44.00,Southwest Airlines Co.,"Seattle, WA",2023,1
75.00,0.00,Endeavor Air Inc.,"Columbus, OH",2023,1
75.00,0.00,United Air Lines Inc.,"San Antonio, TX",2023,1
75.00,165.00,Southwest Airlines Co.,"Houston, TX",2023,1
77.00,0.00,JetBlue Airways,"New York, NY",2023,1
78.00,0.00,Cape Air,"Martha's Vineyard, MA",2023,1
82.00,0.00,PSA Airlines Inc.,"Charlotte, NC",2023,1
82.00,0.00,Southwest Airlines Co.,"Syracuse, NY",2023,1
82.00,373.00,Southwest Airlines Co.,"New York, NY",2023,1
83.00,0.00,JetBlue Airways,"Atlanta, GA",2023,1
84.00,0.00,American Airlines Inc.,"New York, NY",2023,1
84.00,0.00,Southwest Airlines Co.,"New York, NY",2023,1
85.00,0.00,SkyWest Airlines Inc.,"Chicago, IL",2023,1
86.00,0.00,JetBlue Airways,"Hartford, CT",2023,1
87.00,0.00,Breeze Aviation Group DBA  Breeze,"Hartford, CT",2023,1
88.00,0.00,Breeze Aviation Group DBA  Breeze,"Nashville, TN",2023,1
89.00,0.00,PSA Airlines Inc.,"Charlotte, NC",2023,1
91.00,0.00,Cape Air,"New York, NY",2023,1
93.00,0.00,GoJet Airlines LLC d/b/a United Express,"Chicago, IL",2023,1
93.00,0.00,Republic Airline,"White Plains, NY",2023,1
96.00,4.00,Southwest Airlines Co.,"Salt Lake City, UT",2023,1
97.00,0.00,JetBlue Airways,"Albany, NY",2023,1
97.00,0.00,JetBlue Airways,"Burlington, VT",2023,1
99.00,0.00,Southwest Airlines Co.,"Dallas, TX",2023,1
102.00,0.00,SkyWest Airlines Inc.,"Albany, NY",2023,1
102.00,149.00,Southwest Airlines Co.,"New York, NY",2023,1
105.00,0.00,Allegiant Air,"Newburgh/Poughkeepsie, NY",2023,1
106.00,0.00,American Airlines Inc.,"New York, NY",2023,1
106.00,0.00,Southwest Airlines Co.,"Albany, NY",2023,1
106.00,0.00,United Air Lines Inc.,"Syracuse, NY",2023,1
107.00,0.00,Cape Air,"Saranac Lake/Lake Placid, NY",2023,1
107.00,0.00,Republic Airline,"Chicago, IL",2023,1
110.00,0.00,Breeze Aviation Group DBA  Breeze,"White Plains, NY",2023,1
114.00,0.00,Cape Air,"New York, NY",2023,1
116.00,0.00,United Air Lines Inc.,"Washington, DC",2023,1
117.00,0.00,Republic Airline,"Rochester, NY",2023,1
117.00,0.00,Southwest Airlines Co.,"Rochester, NY",2023,1
119.00,0.00,American Airlines Inc.,"Atlanta, GA",2023,1
121.00,0.00,United Air Lines Inc.,"New York, NY",2023,1
124.00,0.00,American Airlines Inc.,"Chicago, IL",2023,1
124.00,492.00,Southwest Airlines Co.,"New York, NY",2023,1
128.00,0.00,Southwest Airlines Co.,"New York, NY",2023,1
130.00,0.00,GoJet Airlines LLC d/b/a United Express,"Newark, NJ",2023,1
133.00,0.00,Boutique Air,"Baltimore, MD",2023,1
133.00,0.00,Frontier Airlines Inc.,"Denver, CO",2023,1
134.00,0.00,GoJet Airlines LLC d/b/a United Express,"Syracuse, NY",2023,1
135.00,0.00,Southwest Airlines Co.,"Rochester, NY",2023,1
136.00,0.00,JetBlue Airways,"New York, NY",2023,1
138.00,0.00,Alaska Airlines Inc.,"New York, NY",2023,1
139.00,0.00,Republic Airline,"Syracuse, NY",2023,1
142.00,0.00,GoJet Airlines LLC d/b/a United Express,"Syracuse, NY",2023,1
143.00,0.00,Air Wisconsin Airlines Corp,"Syracuse, NY",2023,1
143.00,0.00,Republic Airline,"Philadelphia, PA",2023,1
144.00,0.00,Republic Airline,"Chicago, IL",2023,1
145.00,0.00,Endeavor Air Inc.,"Binghamton, NY",2023,1
146.00,0.00,Air Wisconsin Airlines Corp,"Chicago, IL",2023,1
147.00,0.00,Boutique Air,"Massena, NY",2023,1
147.00,0.00,PSA Airlines Inc.,"Syracuse, NY",2023,1
147.00,467.00,Southwest Airlines Co.,"San Antonio, TX",2023,1
148.00,0.00,Southwest Airlines Co.,"Albany, NY",2023,1
149.00,0.00,Allegiant Air,"Albany, NY",2023,1
149.00,0.00,PSA Airlines Inc.,"Buffalo, NY",2023,1
151.00,0.00,Frontier Airlines Inc.,"Syracuse, NY",2023,1
152.00,0.00,JetBlue Airways,"Oakland, CA",2023,1
157.00,0.00,Southwest Airlines Co.,"Denver, CO",2023,1
158.00,0.00,Allegiant Air,"Myrtle Beach, SC",2023,1
158.00,52.00,Southwest Airlines Co.,"Buffalo, NY",2023,1
161.00,0.00,Allegiant Air,"Myrtle Beach, SC",2023,1
166.00,0.00,"Eastern Airlines f/k/a Dynamic Airways, LLC","Buffalo, NY",2023,1
166.00,0.00,JetBlue Airways,"Buffalo, NY",2023,1
170.00,0.00,"Eastern Airlines f/k/a Dynamic Airways, LLC","Providence, RI",2023,1
170.00,0.00,Sun Country Airlines d/b/a MN Airlines,"Buffalo, NY",2023,1
171.00,0.00,Alaska Airlines Inc.,"Las Vegas, NV",2023,1
171.00,9.00,United Air Lines Inc.,"Rochester, NY",2023,1
174.00,0.00,Sun Country Airlines d/b/a MN Airlines,"Bullhead City, AZ",2023,1
183.00,62620.00,Atlas Air Inc.,"Fort Lauderdale, FL",2023,1
192.00,0.00,Southwest Airlines Co.,"New York, NY",2023,1
197.00,0.00,Republic Airline,"Miami, FL",2023,1
198.00,0.00,Republic Airline,"Syracuse, NY",2023,1
206.00,0.00,Southwest Airlines Co.,"San Juan, PR",2023,1
212.00,0.00,PSA Airlines Inc.,"Charlotte, NC",2023,1
215.00,0.00,Delux Public Charter LLC,"Orlando, FL",2023,1
227.00,0.00,Frontier Airlines Inc.,"Buffalo, NY",2023,1
228.00,0.00,Piedmont Airlines,"Chicago, IL",2023,1
229.00,0.00,Southwest Airlines Co.,"Rochester, NY",2023,1
230.00,0.00,Cape Air,"Lebanon-Hanover, NH",2023,1
235.00,0.00,Endeavor Air Inc.,"Detroit, MI",2023,1
237.00,0.00,Cape Air,"Boston, MA",2023,1
239.00,0.00,Republic Airline,"Madison, WI",2023,1
239.00,472.00,Southwest Airlines Co.,"Dallas, TX",2023,1
253.00,0.00,Cape Air,"Saranac Lake/Lake Placid, NY",2023,1
253.00,0.00,Envoy Air,"Miami, FL",2023,1
254.00,0.00,Republic Airline,"Albany, NY",2023,1
254.00,0.00,Republic Airline,"Albany, NY",2023,1
254.00,0.00,Southwest Airlines Co.,"Buffalo, NY",2023,1
255.00,0.00,"Swift Air, LLC d/b/a Eastern Air Lines d/b/a Eastern","Buffalo, NY",2023,1
258.00,0.00,GoJet Airlines LLC d/b/a United Express,"Newark, NJ",2023,1
260.00,0.00,Endeavor Air Inc.,"Ithaca/Cortland, NY",2023,1
260.00,0.00,GoJet Airlines LLC d/b/a United Express,"Albany, NY",2023,1
261.00,0.00,Piedmont Airlines,"Rochester, NY",2023,1
264.00,0.00,CFM Inc d/b/a Contour Airlines d/b/a One Jet Shuttle,"West Palm Beach/Palm Beach, FL",2023,1
266.00,0.00,PSA Airlines Inc.,"Albany, NY",2023,1
271.00,0.00,Envoy Air,"Rochester, NY",2023,1
271.00,1339.00,Southwest Airlines Co.,"Las Vegas, NV",2023,1
272.00,0.00,Republic Airline,"Miami, FL",2023,1
274.00,0.00,CFM Inc d/b/a Contour Airlines d/b/a One Jet Shuttle,"Philadelphia, PA",2023,1
275.00,5237.00,Southwest Airlines Co.,"New York, NY",2023,1
276.00,0.00,Delux Public Charter LLC,"White Plains, NY",2023,1
278.00,0.00,Cape Air,"White Plains, NY",2023,1
287.00,0.00,Republic Airline,"Washington, DC",2023,1
291.00,0.00,CFM Inc d/b/a Contour Airlines d/b/a One Jet Shuttle,"White Plains, NY",2023,1
292.00,0.00,Southwest Airlines Co.,"Islip, NY",2023,1
294.00,615.00,Southwest Airlines Co.,"Houston, TX",2023,1
296.00,0.00,Delta Air Lines Inc.,"Buffalo, NY",2023,1
297.00,0.00,JetBlue Airways,"Los Angeles, CA",2023,1
299.00,0.00,"Swift Air, LLC d/b/a Eastern Air Lines d/b/a Eastern","Alexandria, LA",2023,1
300.00,0.00,Delta Air Lines Inc.,"Cincinnati, OH",2023,1
306.00,0.00,Boutique Air,"Boston, MA",2023,1
307.00,0.00,American Airlines Inc.,"Jackson, WY",2023,1
307.00,0.00,Southwest Airlines Co.,"West Palm Beach/Palm Beach, FL",2023,1
310.00,0.00,Boutique Air,"Massena, NY",2023,1
315.00,0.00,JetBlue Airways,"New York, NY",2023,1
327.00,0.00,American Airlines Inc.,"New York, NY",2023,1
329.00,0.00,Endeavor Air Inc.,"Detroit, MI",2023,1
345.00,0.00,CFM Inc d/b/a Contour Airlines d/b/a One Jet Shuttle,"Ogdensburg, NY",2023,1
352.00,0.00,United Air Lines Inc.,"Newark, NJ",2023,1
362.00,0.00,Southwest Airlines Co.,"Fort Myers, FL",2023,1
376.00,0.00,Republic Airline,"New York, NY",2023,1
384.00,0.00,Delta Air Lines Inc.,"Boston, MA",2023,1
386.00,0.00,Endeavor Air Inc.,"New York, NY",2023,1
392.00,0.00,JetBlue Airways,"Reno, NV",2023,1
408.00,0.00,Republic Airline,"Baltimore, MD",2023,1
410.00,0.00,Endeavor Air Inc.,"New York, NY",2023,1
413.00,0.00,CFM Inc d/b/a Contour Airlines d/b/a One Jet Shuttle,"Fort Lauderdale, FL",2023,1
418.00,498.00,Southwest Airlines Co.,"Buffalo, NY",2023,1
430.00,0.00,Republic Airline,"Richmond, VA",2023,1
431.00,0.00,Republic Airline,"New York, NY",2023,1
439.00,0.00,Endeavor Air Inc.,"New York, NY",2023,1
442.00,183.00,Southwest Airlines Co.,"Dallas, TX",2023,1
446.00,0.00,Republic Airline,"Worcester, MA",2023,1
452.00,0.00,Breeze Aviation Group DBA  Breeze,"White Plains, NY",2023,1
452.00,0.00,Frontier Airlines Inc.,"Las Vegas, NV",2023,1
457.00,0.00,Breeze Aviation Group DBA  Breeze,"Syracuse, NY",2023,1
465.00,0.00,Endeavor Air Inc.,"Worcester, MA",2023,1
467.00,0.00,CFM Inc d/b/a Contour Airlines d/b/a One Jet Shuttle,"White Plains, NY",2023,1
481.00,0.00,JetBlue Airways,"New York, NY",2023,1
482.00,0.00,Republic Airline,"New York, NY",2023,1
491.00,0.00,Endeavor Air Inc.,"Hartford, CT",2023,1
498.00,0.00,Endeavor Air Inc.,"New York, NY",2023,1
501.00,0.00,Breeze Aviation Group DBA  Breeze,"Tampa, FL",2023,1
504.00,0.00,Republic Airline,"New York, NY",2023,1
509.00,14.00,Southwest Airlines Co.,"Rochester, NY",2023,1
510.00,0.00,Republic Airline,"White Plains, NY",2023,1
516.00,0.00,Republic Airline,"Boston, MA",2023,1
517.00,0.00,Allegiant Air,"Rochester, NY",2023,1
522.00,0.00,Southwest Airlines Co.,"Islip, NY",2023,1
526.00,0.00,Republic Airline,"Dayton, OH",2023,1
527.00,1233.00,Southwest Airlines Co.,"New York, NY",2023,1
529.00,0.00,Breeze Aviation Group DBA  Breeze,"Savannah, GA",2023,1
538.00,0.00,Delta Air Lines Inc.,"Buffalo, NY",2023,1
540.00,2030.00,Southwest Airlines Co.,"New York, NY",2023,1
543.00,0.00,Southwest Airlines Co.,"Phoenix, AZ",2023,1
562.00,0.00,Endeavor Air Inc.,"Chicago, IL",2023,1
565.00,0.00,Delux Public Charter LLC,"Miami, FL",2023,1
569.00,0.00,Southwest Airlines Co.,"Syracuse, NY",2023,1
578.00,0.00,Endeavor Air Inc.,"Roanoke, VA",2023,1
579.00,0.00,Allegiant Air,"Punta Gorda, FL",2023,1
580.00,0.00,Endeavor Air Inc.,"Nashville, TN",2023,1
584.00,0.00,Piedmont Airlines,"Boston, MA",2023,1
587.00,372.00,Delta Air Lines Inc.,"Rochester, NY",2023,1
619.00,0.00,Endeavor Air Inc.,"New York, NY",2023,1
621.00,0.00,Endeavor Air Inc.,"New York, NY",2023,1
624.00,0.00,Endeavor Air Inc.,"Kansas City, MO",2023,1
631.00,0.00,Endeavor Air Inc.,"New York, NY",2023,1
633.00,353.00,American Airlines Inc.,"New York, NY",2023,1
642.00,977.00,Southwest Airlines Co.,"Buffalo, NY",2023,1
644.00,0.00,Endeavor Air Inc.,"Louisville, KY",2023,1
645.00,6.00,American Airlines Inc.,"Las Vegas, NV",2023,1
655.00,0.00,CFM Inc d/b/a Contour Airlines d/b/a One Jet Shuttle,"Philadelphia, PA",2023,1
661.00,0.00,Endeavor Air Inc.,"Dayton, OH",2023,1
662.00,0.00,Republic Airline,"Rochester, NY",2023,1
684.00,0.00,Endeavor Air Inc.,"New York, NY",2023,1
686.00,0.00,Breeze Aviation Group DBA  Breeze,"White Plains, NY",2023,1
688.00,0.00,Delta Air Lines Inc.,"Boston, MA",2023,1
695.00,0.00,Republic Airline,"Asheville, NC",2023,1
701.00,0.00,Breeze Aviation Group DBA  Breeze,"Jacksonville, FL",2023,1
703.00,0.00,Delux Public Charter LLC,"White Plains, NY",2023,1
705.00,0.00,Endeavor Air Inc.,"Binghamton, NY",2023,1
705.00,0.00,Southwest Airlines Co.,"Orlando, FL",2023,1
715.00,0.00,Republic Airline,"New York, NY",2023,1
726.00,0.00,SkyWest Airlines Inc.,"New York, NY",2023,1
734.00,0.00,Breeze Aviation Group DBA  Breeze,"Charleston, SC",2023,1
735.00,3304.00,Delta Air Lines Inc.,"Minneapolis, MN",2023,1
754.00,0.00,Republic Airline,"New York, NY",2023,1
763.00,0.00,Breeze Aviation Group DBA  Breeze,"Syracuse, NY",2023,1
766.00,0.00,Breeze Aviation Group DBA  Breeze,"Syracuse, NY",2023,1
782.00,0.00,Endeavor Air Inc.,"Columbia, SC",2023,1
785.00,0.00,Piedmont Airlines,"Syracuse, NY",2023,1
791.00,0.00,Republic Airline,"Milwaukee, WI",2023,1
796.00,0.00,Republic Airline,"Washington, DC",2023,1
797.00,0.00,GoJet Airlines LLC d/b/a United Express,"Rochester, NY",2023,1
797.00,0.00,Republic Airline,"Newark, NJ",2023,1
808.00,101.00,PSA Airlines Inc.,"Albany, NY",2023,1
809.00,0.00,Republic Airline,"New York, NY",2023,1
818.00,0.00,Breeze Aviation Group DBA  Breeze,"Islip, NY",2023,1
819.00,0.00,Republic Airline,"Newark, NJ",2023,1
828.00,0.00,Republic Airline,"Little Rock, AR",2023,1
835.00,0.00,Republic Airline,"Washington, DC",2023,1
838.00,0.00,Breeze Aviation Group DBA  Breeze,"Charleston, SC",2023,1
841.00,0.00,Republic Airline,"New York, NY",2023,1
847.00,1766.00,Delta Air Lines Inc.,"New York, NY",2023,1
850.00,0.00,Breeze Aviation Group DBA  Breeze,"Norfolk, VA",2023,1
850.00,2.00,Piedmont Airlines,"Chicago, IL",2023,1
851.00,0.00,GoJet Airlines LLC d/b/a United Express,"Chicago, IL",2023,1
852.00,0.00,Endeavor Air Inc.,"St. Louis, MO",2023,1
856.00,0.00,Breeze Aviation Group DBA  Breeze,"White Plains, NY",2023,1
864.00,0.00,Breeze Aviation Group DBA  Breeze,"Las Vegas, NV",2023,1
898.00,0.00,GoJet Airlines LLC d/b/a United Express,"New York, NY",2023,1
899.00,0.00,Southwest Airlines Co.,"Fort Lauderdale, FL",2023,1
901.00,0.00,Endeavor Air Inc.,"New York, NY",2023,1
902.00,486.00,Southwest Airlines Co.,"Buffalo, NY",2023,1
903.00,0.00,Endeavor Air Inc.,"Buffalo, NY",2023,1
907.00,1160.00,Southwest Airlines Co.,"Buffalo, NY",2023,1
915.00,0.00,Endeavor Air Inc.,"New York, NY",2023,1
926.00,0.00,Republic Airline,"Roanoke, VA",2023,1
932.00,0.00,Envoy Air,"Albany, NY",2023,1
933.00,0.00,Allegiant Air,"Albany, NY",2023,1
934.00,0.00,CFM Inc d/b/a Contour Airlines d/b/a One Jet Shuttle,"Plattsburgh, NY",2023,1
942.00,0.00,Envoy Air,"Syracuse, NY",2023,1
947.00,0.00,Endeavor Air Inc.,"New York, NY",2023,1
952.00,200.00,Southwest Airlines Co.,"Albany, NY",2023,1
957.00,0.00,JetBlue Airways,"New York, NY",2023,1
963.00,0.00,Republic Airline,"Omaha, NE",2023,1
969.00,0.00,TEM Enterprises dba  Avelo Airlines,"Binghamton, NY",2023,1
973.00,0.00,Allegiant Air,"Nashville, TN",2023,1
975.00,0.00,Republic Airline,"New York, NY",2023,1
982.00,125.00,Southwest Airlines Co.,"Islip, NY",2023,1
986.00,0.00,Republic Airline,"Burlington, VT",2023,1
987.00,0.00,Endeavor Air Inc.,"New York, NY",2023,1
996.00,0.00,Republic Airline,"New York, NY",2023,1
997.00,0.00,Endeavor Air Inc.,"Des Moines, IA",2023,1
1000.00,0.00,Allegiant Air,"Niagara Falls, NY",2023,1
1000.00,0.00,Republic Airline,"Syracuse, NY",2023,1
1002.00,0.00,SkyWest Airlines Inc.,"New York, NY",2023,1
1019.00,0.00,Republic Airline,"New York, NY",2023,1
1028.00,0.00,Endeavor Air Inc.,"Madison, WI",2023,1
1042.00,0.00,Endeavor Air Inc.,"New York, NY",2023,1
1044.00,0.00,GoJet Airlines LLC d/b/a United Express,"Washington, DC",2023,1
1051.00,0.00,PSA Airlines Inc.,"Philadelphia, PA",2023,1
1051.00,0.00,Republic Airline,"Tulsa, OK",2023,1
1053.00,0.00,SkyWest Airlines Inc.,"Columbus, OH",2023,1
1054.00,0.00,Southwest Airlines Co.,"Tampa, FL",2023,1
1054.00,0.00,TEM Enterprises dba  Avelo Airlines,"Orlando, FL",2023,1
1060.00,0.00,Endeavor Air Inc.,"Albany, NY",2023,1
1062.00,0.00,Piedmont Airlines,"Albany, NY",2023,1
1068.00,0.00,SkyWest Airlines Inc.,"New York, NY",2023,1
1071.00,0.00,Endeavor Air Inc.,"New York, NY",2023,1
1076.00,442.00,Southwest Airlines Co.,"Tampa, FL",2023,1
1077.00,91.00,Southwest Airlines Co.,"Denver, CO",2023,1
1078.00,0.00,Allegiant Air,"Sanford, FL",2023,1
1080.00,0.00,Endeavor Air Inc.,"Detroit, MI",2023,1
1083.00,0.00,Republic Airline,"Jacksonville, FL",2023,1
1085.00,0.00,Envoy Air,"Chicago, IL",2023,1
1091.00,0.00,Envoy Air,"White Plains, NY",2023,1
1095.00,0.00,Republic Airline,"New York, NY",2023,1
1102.00,0.00,Endeavor Air Inc.,"Portland, ME",2023,1
1115.00,0.00,Allegiant Air,"Nashville, TN",2023,1
1117.00,0.00,Republic Airline,"New York, NY",2023,1
1124.00,0.00,Delta Air Lines Inc.,"New York, NY",2023,1
1126.00,0.00,Republic Airline,"Newark, NJ",2023,1
1132.00,0.00,Allegiant Air,"Syracuse, NY",2023,1
1143.00,0.00,SkyWest Airlines Inc.,"Cleveland, OH",2023,1
1144.00,0.00,Allegiant Air,"Sanford, FL",2023,1
1145.00,0.00,Southwest Airlines Co.,"Tampa, FL",2023,1
1148.00,0.00,Envoy Air,"Miami, FL",2023,1
1149.00,0.00,PSA Airlines Inc.,"Syracuse, NY",2023,1
1154.00,0.00,SkyWest Airlines Inc.,"Nashville, TN",2023,1
1160.00,0.00,Allegiant Air,"Elmira/Corning, NY",2023,1
1161.00,0.00,Allegiant Air,"Sanford, FL",2023,1
1170.00,0.00,Allegiant Air,"Elmira/Corning, NY",2023,1
1178.00,0.00,Endeavor Air Inc.,"New York, NY",2023,1
1185.00,0.00,Envoy Air,"Buffalo, NY",2023,1
1187.00,0.00,Republic Airline,"New York, NY",2023,1
1191.00,0.00,Republic Airline,"Newark, NJ",2023,1
1192.00,0.00,Allegiant Air,"Sarasota/Bradenton, FL",2023,1
1192.00,0.00,Allegiant Air,"Syracuse, NY",2023,1
1193.00,0.00,Republic Airline,"Syracuse, NY",2023,1
1194.00,0.00,Allegiant Air,"Rochester, NY",2023,1
1194.00,0.00,Southwest Airlines Co.,"Fort Myers, FL",2023,1
1197.00,0.00,JetBlue Airways,"Bozeman, MT",2023,1
1205.00,0.00,PSA Airlines Inc.,"Philadelphia, PA",2023,1
1223.00,0.00,SkyWest Airlines Inc.,"New York, NY",2023,1
1226.00,0.00,Southwest Airlines Co.,"Fort Lauderdale, FL",2023,1
1233.00,0.00,Endeavor Air Inc.,"Syracuse, NY",2023,1
1241.00,275.00,Southwest Airlines Co.,"Rochester, NY",2023,1
1243.00,0.00,Republic Airline,"Charlottesville, VA",2023,1
1254.00,0.00,Endeavor Air Inc.,"New York, NY",2023,1
1258.00,0.00,Allegiant Air,"Newburgh/Poughkeepsie, NY",2023,1
1265.00,0.00,Endeavor Air Inc.,"State College, PA",2023,1
1267.00,0.00,Republic Airline,"Key West, FL",2023,1
1268.00,0.00,Endeavor Air Inc.,"New York, NY",2023,1
1269.00,0.00,Endeavor Air Inc.,"Birmingham, AL",2023,1
1272.00,0.00,Air Wisconsin Airlines Corp,"Washington, DC",2023,1
1275.00,0.00,Air Wisconsin Airlines Corp,"Washington, DC",2023,1
1277.00,0.00,Allegiant Air,"Punta Gorda, FL",2023,1
1288.00,0.00,Allegiant Air,"Newburgh/Poughkeepsie, NY",2023,1
1296.00,0.00,Allegiant Air,"Albany, NY",2023,1
1297.00,0.00,Air Wisconsin Airlines Corp,"Syracuse, NY",2023,1
1305.00,0.00,Air Wisconsin Airlines Corp,"Buffalo, NY",2023,1
1309.00,0.00,CommuteAir LLC dba CommuteAir,"Buffalo, NY",2023,1
1323.00,0.00,Allegiant Air,"St. Petersburg, FL",2023,1
1326.00,0.00,PSA Airlines Inc.,"Charlotte, NC",2023,1
1328.00,0.00,CommuteAir LLC dba CommuteAir,"Washington, DC",2023,1
1328.00,0.00,Endeavor Air Inc.,"Indianapolis, IN",2023,1
1328.00,0.00,Republic Airline,"New York, NY",2023,1
1330.00,0.00,Delta Air Lines Inc.,"Syracuse, NY",2023,1
1333.00,0.00,Southwest Airlines Co.,"Orlando, FL",2023,1
1338.00,0.00,Allegiant Air,"St. Petersburg, FL",2023,1
1341.00,501.00,Piedmont Airlines,"Rochester, NY",2023,1
1348.00,0.00,PSA Airlines Inc.,"Rochester, NY",2023,1
1353.00,0.00,Air Wisconsin Airlines Corp,"Buffalo, NY",2023,1
1366.00,0.00,Endeavor Air Inc.,"Pittsburgh, PA",2023,1
1373.00,0.00,Frontier Airlines Inc.,"Fort Lauderdale, FL",2023,1
1375.00,100.00,Envoy Air,"Washington, DC",2023,1
1377.00,0.00,Allegiant Air,"Syracuse, NY",2023,1
1378.00,0.00,SkyWest Airlines Inc.,"Boston, MA",2023,1
1383.00,0.00,Allegiant Air,"Elmira/Corning, NY",2023,1
1383.00,0.00,Republic Airline,"Washington, DC",2023,1
1386.00,0.00,Allegiant Air,"Albany, NY",2023,1
1390.00,0.00,Allegiant Air,"Niagara Falls, NY",2023,1
1392.00,0.00,JetBlue Airways,"Nashville, TN",2023,1
1395.00,0.00,Republic Airline,"Rochester, NY",2023,1
1405.00,0.00,Allegiant Air,"Newburgh/Poughkeepsie, NY",2023,1
1405.00,0.00,PSA Airlines Inc.,"Washington, DC",2023,1
1410.00,0.00,Air Wisconsin Airlines Corp,"Chicago, IL",2023,1
1417.00,0.00,SkyWest Airlines Inc.,"New York, NY",2023,1
1425.00,0.00,Endeavor Air Inc.,"Detroit, MI",2023,1
1431.00,0.00,Allegiant Air,"Punta Gorda, FL",2023,1
1446.00,0.00,Allegiant Air,"Sanford, FL",2023,1
1448.00,5284.00,Southwest Airlines Co.,"Orlando, FL",2023,1
1449.00,0.00,Endeavor Air Inc.,"New York, NY",2023,1
1451.00,0.00,Endeavor Air Inc.,"New York, NY",2023,1
1453.00,0.00,Envoy Air,"Syracuse, NY",2023,1
1458.00,0.00,Allegiant Air,"Syracuse, NY",2023,1
1461.00,0.00,PSA Airlines Inc.,"Philadelphia, PA",2023,1
1463.00,0.00,Endeavor Air Inc.,"Omaha, NE",2023,1
1478.00,0.00,Allegiant Air,"St. Petersburg, FL",2023,1
1478.00,0.00,Republic Airline,"New York, NY",2023,1
1479.00,0.00,Endeavor Air Inc.,"New York, NY",2023,1
1481.00,0.00,Allegiant Air,"Sanford, FL",2023,1
1484.00,0.00,Allegiant Air,"Fort Lauderdale, FL",2023,1
1487.00,0.00,Allegiant Air,"Sanford, FL",2023,1
1492.00,0.00,Allegiant Air,"Syracuse, NY",2023,1
1494.00,61.00,Delta Air Lines Inc.,"New York, NY",2023,1
1498.00,0.00,Endeavor Air Inc.,"New York, NY",2023,1
1501.00,0.00,PSA Airlines Inc.,"Syracuse, NY",2023,1
1504.00,0.00,CommuteAir LLC dba CommuteAir,"Syracuse, NY",2023,1
1505.00,0.00,Allegiant Air,"Plattsburgh, NY",2023,1
1515.00,0.00,GoJet Airlines LLC d/b/a United Express,"Newark, NJ",2023,1
1518.00,0.00,Endeavor Air Inc.,"Burlington, VT",2023,1
1518.00,0.00,Frontier Airlines Inc.,"Rochester, NY",2023,1
1518.00,0.00,Piedmont Airlines,"Watertown, NY",2023,1
1520.00,0.00,SkyWest Airlines Inc.,"Houston, TX",2023,1
1521.00,606.00,Southwest Airlines Co.,"Albany, NY",2023,1
1531.00,0.00,Allegiant Air,"St. Petersburg, FL",2023,1
1532.00,0.00,Republic Airline,"Memphis, TN",2023,1
1535.00,3782.00,Southwest Airlines Co.,"Islip, NY",2023,1
1538.00,0.00,Republic Airline,"New York, NY",2023,1
1546.00,0.00,Endeavor Air Inc.,"New York, NY",2023,1
1546.00,0.00,Republic Airline,"Buffalo, NY",2023,1
1559.00,0.00,JetBlue Airways,"New York, NY",2023,1
1561.00,0.00,Allegiant Air,"Albany, NY",2023,1
1563.00,0.00,Endeavor Air Inc.,"Detroit, MI",2023,1
1563.00,0.00,Piedmont Airlines,"Philadelphia, PA",2023,1
1566.00,0.00,CommuteAir LLC dba CommuteAir,"Washington, DC",2023,1
1567.00,0.00,Republic Airline,"New York, NY",2023,1
1571.00,72.00,Envoy Air,"Chicago, IL",2023,1
1574.00,0.00,Piedmont Airlines,"Philadelphia, PA",2023,1
1576.00,0.00,Breeze Aviation Group DBA  Breeze,"White Plains, NY",2023,1
1579.00,0.00,Envoy Air,"Chicago, IL",2023,1
1581.00,0.00,Republic Airline,"Albany, NY",2023,1
1585.00,0.00,Allegiant Air,"St. Petersburg, FL",2023,1
1591.00,1143.00,Southwest Airlines Co.,"Nashville, TN",2023,1
1592.00,0.00,Allegiant Air,"Punta Gorda, FL",2023,1
1592.00,0.00,Republic Airline,"New York, NY",2023,1
1601.00,0.00,American Airlines Inc.,"New York, NY",2023,1
1601.00,2540.00,Southwest Airlines Co.,"New York, NY",2023,1
1613.00,0.00,Breeze Aviation Group DBA  Breeze,"White Plains, NY",2023,1
1616.00,0.00,Breeze Aviation Group DBA  Breeze,"Charleston, SC",2023,1
1622.00,0.00,Republic Airline,"Buffalo, NY",2023,1
1629.00,0.00,Allegiant Air,"Syracuse, NY",2023,1
1634.00,0.00,Piedmont Airlines,"Philadelphia, PA",2023,1
1637.00,0.00,Endeavor Air Inc.,"New York, NY",2023,1
1640.00,0.00,Endeavor Air Inc.,"Wilmington, NC",2023,1
1644.00,0.00,Frontier Airlines Inc.,"Tampa, FL",2023,1
1654.00,0.00,Republic Airline,"Cincinnati, OH",2023,1
1665.00,0.00,Breeze Aviation Group DBA  Breeze,"Sarasota/Bradenton, FL",2023,1
1665.00,0.00,Republic Airline,"New York, NY",2023,1
1668.00,0.00,Endeavor Air Inc.,"Richmond, VA",2023,1
1682.00,0.00,Allegiant Air,"Niagara Falls, NY",2023,1
1692.00,0.00,Endeavor Air Inc.,"Syracuse, NY",2023,1
1702.00,0.00,Breeze Aviation Group DBA  Breeze,"White Plains, NY",2023,1
1702.00,0.00,Republic Airline,"Washington, DC",2023,1
1712.00,0.00,Republic Airline,"New York, NY",2023,1
1715.00,0.00,Frontier Airlines Inc.,"Buffalo, NY",2023,1
1716.00,0.00,Piedmont Airlines,"Syracuse, NY",2023,1
1726.00,0.00,Allegiant Air,"St. Petersburg, FL",2023,1
1731.00,0.00,SkyWest Airlines Inc.,"New York, NY",2023,1
1732.00,0.00,JetBlue Airways,"New York, NY",2023,1
1733.00,0.00,Endeavor Air Inc.,"Ithaca/Cortland, NY",2023,1
1738.00,0.00,Republic Airline,"Chicago, IL",2023,1
1763.00,0.00,Allegiant Air,"Punta Gorda, FL",2023,1
1774.00,0.00,Republic Airline,"Chicago, IL",2023,1
1778.00,0.00,JetBlue Airways,"New York, NY",2023,1
1780.00,0.00,Republic Airline,"Charleston, SC",2023,1
1782.00,0.00,Frontier Airlines Inc.,"Newburgh/Poughkeepsie, NY",2023,1
1785.00,0.00,JetBlue Airways,"Milwaukee, WI",2023,1
1788.00,0.00,Endeavor Air Inc.,"Kansas City, MO",2023,1
1791.00,0.00,Republic Airline,"Buffalo, NY",2023,1
1806.00,0.00,Endeavor Air Inc.,"Milwaukee, WI",2023,1
1812.00,0.00,SkyWest Airlines Inc.,"Washington, DC",2023,1
1813.00,0.00,Endeavor Air Inc.,"New York, NY",2023,1
1819.00,0.00,Endeavor Air Inc.,"New York, NY",2023,1
1820.00,0.00,Endeavor Air Inc.,"New York, NY",2023,1
1855.00,0.00,Endeavor Air Inc.,"Asheville, NC",2023,1
1866.00,0.00,Endeavor Air Inc.,"Cincinnati, OH",2023,1
1866.00,0.00,Frontier Airlines Inc.,"Denver, CO",2023,1
1875.00,0.00,Allegiant Air,"Punta Gorda, FL",2023,1
1877.00,0.00,JetBlue Airways,"New York, NY",2023,1
1886.00,0.00,Endeavor Air Inc.,"Pittsburgh, PA",2023,1
1898.00,0.00,Endeavor Air Inc.,"Buffalo, NY",2023,1
1900.00,0.00,Endeavor Air Inc.,"New York, NY",2023,1
1913.00,50.00,American Airlines Inc.,"New York, NY",2023,1
1918.00,0.00,Endeavor Air Inc.,"Grand Rapids, MI",2023,1
1918.00,0.00,Endeavor Air Inc.,"New York, NY",2023,1
1951.00,0.00,JetBlue Airways,"Palm Springs, CA",2023,1
1953.00,3.00,PSA Airlines Inc.,"Rochester, NY",2023,1
1956.00,70.00,United Air Lines Inc.,"Newark, NJ",2023,1
1958.00,0.00,Republic Airline,"New York, NY",2023,1
1970.00,20.00,Southwest Airlines Co.,"Fort Lauderdale, FL",2023,1
1971.00,0.00,Piedmont Airlines,"Rochester, NY",2023,1
1974.00,0.00,Endeavor Air Inc.,"New York, NY",2023,1
1987.00,0.00,Republic Airline,"Syracuse, NY",2023,1
1998.00,0.00,Breeze Aviation Group DBA  Breeze,"Los Angeles, CA",2023,1
2001.00,454.00,Delta Air Lines Inc.,"Jacksonville, FL",2023,1
2006.00,0.00,Envoy Air,"Chicago, IL",2023,1
2032.00,0.00,Republic Airline,"New York, NY",2023,1
2048.00,0.00,Republic Airline,"Washington, DC",2023,1
2051.00,0.00,JetBlue Airways,"New York, NY",2023,1
2052.00,0.00,Republic Airline,"New York, NY",2023,1
2055.00,0.00,Republic Airline,"New York, NY",2023,1
2061.00,0.00,JetBlue Airways,"Minneapolis, MN",2023,1
2064.00,0.00,Endeavor Air Inc.,"New York, NY",2023,1
2067.00,0.00,Endeavor Air Inc.,"New York, NY",2023,1
2073.00,0.00,Republic Airline,"Cleveland, OH",2023,1
2084.00,14850.00,Delta Air Lines Inc.,"New York, NY",2023,1
2086.00,0.00,Endeavor Air Inc.,"New York, NY",2023,1
2116.00,0.00,Endeavor Air Inc.,"Bangor, ME",2023,1
2120.00,0.00,Republic Airline,"Raleigh/Durham, NC",2023,1
2126.00,0.00,JetBlue Airways,"Orlando, FL",2023,1
2133.00,0.00,American Airlines Inc.,"Nashville, TN",2023,1
2134.00,0.00,Republic Airline,"Minneapolis, MN",2023,1
2139.00,0.00,Republic Airline,"New York, NY",2023,1
2146.00,0.00,Endeavor Air Inc.,"New York, NY",2023,1
2168.00,0.00,Envoy Air,"Rochester, NY",2023,1
2170.00,0.00,Endeavor Air Inc.,"Charlotte, NC",2023,1
2172.00,0.00,Republic Airline,"New York, NY",2023,1
2179.00,0.00,Endeavor Air Inc.,"Memphis, TN",2023,1
2181.00,0.00,Allegiant Air,"Fort Lauderdale, FL",2023,1
2182.00,0.00,Allegiant Air,"Sanford, FL",2023,1
2182.00,0.00,PSA Airlines Inc.,"Buffalo, NY",2023,1
2195.00,0.00,Frontier Airlines Inc.,"Islip, NY",2023,1
2219.00,0.00,GoJet Airlines LLC d/b/a United Express,"Ithaca/Cortland, NY",2023,1
2221.00,0.00,GoJet Airlines LLC d/b/a United Express,"Rochester, NY",2023,1
2221.00,0.00,Republic Airline,"Nashville, TN",2023,1
2222.00,0.00,Republic Airline,"Fayetteville, AR",2023,1
2227.00,0.00,Frontier Airlines Inc.,"Orlando, FL",2023,1
2229.00,0.00,Endeavor Air Inc.,"New York, NY",2023,1
2233.00,0.00,Allegiant Air,"Plattsburgh, NY",2023,1
2233.00,20.00,Envoy Air,"White Plains, NY",2023,1
2234.00,0.00,Republic Airline,"Greensboro/High Point, NC",2023,1
2237.00,0.00,Frontier Airlines Inc.,"Fort Lauderdale, FL",2023,1
2238.00,68.00,United Air Lines Inc.,"Syracuse, NY",2023,1
2243.00,0.00,Republic Airline,"Oklahoma City, OK",2023,1
2252.00,0.00,JetBlue Airways,"Sarasota/Bradenton, FL",2023,1
2257.00,0.00,Allegiant Air,"Plattsburgh, NY",2023,1
2257.00,0.00,Frontier Airlines Inc.,"Newburgh/Poughkeepsie, NY",2023,1
2258.00,0.00,Spirit Air Lines,"Rochester, NY",2023,1
2266.00,475.00,Piedmont Airlines,"Boston, MA",2023,1
2274.00,0.00,Republic Airline,"New York, NY",2023,1
2289.00,0.00,GoJet Airlines LLC d/b/a United Express,"Newark, NJ",2023,1
2292.00,0.00,Republic Airline,"New York, NY",2023,1
2294.00,0.00,Endeavor Air Inc.,"New York, NY",2023,1
2295.00,0.00,JetBlue Airways,"Worcester, MA",2023,1
2306.00,0.00,JetBlue Airways,"Savannah, GA",2023,1
2311.00,0.00,Republic Airline,"Houston, TX",2023,1
2312.00,0.00,Republic Airline,"Rochester, NY",2023,1
2327.00,0.00,Delta Air Lines Inc.,"New York, NY",2023,1
2336.00,0.00,JetBlue Airways,"Albany, NY",2023,1
2340.00,0.00,Endeavor Air Inc.,"New York, NY",2023,1
2341.00,0.00,Envoy Air,"Chicago, IL",2023,1
2343.00,0.00,Frontier Airlines Inc.,"Orlando, FL",2023,1
2343.00,0.00,Republic Airline,"New York, NY",2023,1
2345.00,0.00,Republic Airline,"New York, NY",2023,1
2346.00,0.00,Frontier Airlines Inc.,"Rochester, NY",2023,1
2350.00,0.00,Republic Airline,"Jacksonville, FL",2023,1
2362.00,0.00,Republic Airline,"Norfolk, VA",2023,1
2367.00,0.00,Endeavor Air Inc.,"Myrtle Beach, SC",2023,1
2386.00,0.00,Endeavor Air Inc.,"White Plains, NY",2023,1
2398.00,0.00,Republic Airline,"Cincinnati, OH",2023,1
2398.00,0.00,Republic Airline,"New York, NY",2023,1
2399.00,0.00,Frontier Airlines Inc.,"Orlando, FL",2023,1
2414.00,0.00,Endeavor Air Inc.,"New York, NY",2023,1
2418.00,0.00,Republic Airline,"New York, NY",2023,1
2420.00,0.00,JetBlue Airways,"Buffalo, NY",2023,1
2430.00,0.00,Republic Airline,"New York, NY",2023,1
2431.00,0.00,Republic Airline,"New York, NY",2023,1
2438.00,0.00,JetBlue Airways,"Kansas City, MO",2023,1
2450.00,0.00,SkyWest Airlines Inc.,"Elmira/Corning, NY",2023,1
2460.00,0.00,SkyWest Airlines Inc.,"Atlanta, GA",2023,1
2461.00,0.00,Endeavor Air Inc.,"New York, NY",2023,1
2475.00,0.00,Endeavor Air Inc.,"New York, NY",2023,1
2513.00,0.00,Republic Airline,"Syracuse, NY",2023,1
2514.00,0.00,JetBlue Airways,"New York, NY",2023,1
2516.00,795.00,Piedmont Airlines,"Albany, NY",2023,1
2523.00,0.00,Republic Airline,"New York, NY",2023,1
2525.00,0.00,SkyWest Airlines Inc.,"Chicago, IL",2023,1
2526.00,0.00,Republic Airline,"Buffalo, NY",2023,1
2534.00,0.00,SkyWest Airlines Inc.,"White Plains, NY",2023,1
2543.00,3548.00,Southwest Airlines Co.,"Buffalo, NY",2023,1
2555.00,0.00,SkyWest Airlines Inc.,"New York, NY",2023,1
2564.00,0.00,Republic Airline,"New York, NY",2023,1
2571.00,0.00,SkyWest Airlines Inc.,"Detroit, MI",2023,1
2582.00,0.00,Endeavor Air Inc.,"Rochester, NY",2023,1
2587.00,0.00,Endeavor Air Inc.,"Cleveland, OH",2023,1
2592.00,0.00,JetBlue Airways,"New York, NY",2023,1
2596.00,0.00,PSA Airlines Inc.,"Washington, DC",2023,1
2609.00,0.00,American Airlines Inc.,"Eagle, CO",2023,1
2615.00,0.00,American Airlines Inc.,"New York, NY",2023,1
2627.00,0.00,JetBlue Airways,"New York, NY",2023,1
2654.00,0.00,Endeavor Air Inc.,"Atlanta, GA",2023,1
2670.00,0.00,Endeavor Air Inc.,"Jacksonville, FL",2023,1
2677.00,0.00,Endeavor Air Inc.,"New York, NY",2023,1
2677.00,0.00,Republic Airline,"New York, NY",2023,1
2682.00,80.00,American Airlines Inc.,"Dallas/Fort Worth, TX",2023,1
2689.00,5036.00,Delta Air Lines Inc.,"Detroit, MI",2023,1
2691.00,0.00,Republic Airline,"Portland, ME",2023,1
2701.00,0.00,Endeavor Air Inc.,"Charlottesville, VA",2023,1
2705.00,0.00,Endeavor Air Inc.,"New York, NY",2023,1
2712.00,0.00,Frontier Airlines Inc.,"Fort Lauderdale, FL",2023,1
2713.00,0.00,Endeavor Air Inc.,"Indianapolis, IN",2023,1
2713.00,0.00,Republic Airline,"New York, NY",2023,1
2729.00,0.00,Endeavor Air Inc.,"New York, NY",2023,1
2731.00,0.00,Republic Airline,"New York, NY",2023,1
2739.00,0.00,American Airlines Inc.,"Santa Ana, CA",2023,1
2739.00,0.00,Republic Airline,"Burlington, VT",2023,1
2748.00,0.00,JetBlue Airways,"Fort Lauderdale, FL",2023,1
2751.00,0.00,Endeavor Air Inc.,"Knoxville, TN",2023,1
2759.00,576.00,Delta Air Lines Inc.,"Nashville, TN",2023,1
2760.00,0.00,Endeavor Air Inc.,"New York, NY",2023,1
2761.00,0.00,Endeavor Air Inc.,"New York, NY",2023,1
2777.00,59.00,American Airlines Inc.,"St. Louis, MO",2023,1
2783.00,0.00,Endeavor Air Inc.,"Greensboro/High Point, NC",2023,1
2784.00,0.00,Endeavor Air Inc.,"New York, NY",2023,1
2819.00,215.00,Piedmont Airlines,"Philadelphia, PA",2023,1
2825.00,182.00,American Airlines Inc.,"Syracuse, NY",2023,1
2836.00,0.00,SkyWest Airlines Inc.,"White Plains, NY",2023,1
2843.00,201.00,American Airlines Inc.,"Charlotte Amalie, VI",2023,1
2877.00,0.00,Endeavor Air Inc.,"New York, NY",2023,1
2886.00,0.00,Republic Airline,"Wilmington, NC",2023,1
2899.00,0.00,Frontier Airlines Inc.,"Buffalo, NY",2023,1
2902.00,179.00,United Air Lines Inc.,"Buffalo, NY",2023,1
2907.00,0.00,American Airlines Inc.,"New York, NY",2023,1
2915.00,0.00,Endeavor Air Inc.,"New York, NY",2023,1
2923.00,0.00,JetBlue Airways,"Orlando, FL",2023,1
2926.00,0.00,Endeavor Air Inc.,"Richmond, VA",2023,1
2935.00,0.00,Spirit Air Lines,"Orlando, FL",2023,1
2943.00,0.00,Endeavor Air Inc.,"Baltimore, MD",2023,1
2943.00,0.00,Endeavor Air Inc.,"Portland, ME",2023,1
2944.00,0.00,Republic Airline,"Cleveland, OH",2023,1
2957.00,0.00,Endeavor Air Inc.,"Savannah, GA",2023,1
2978.00,0.00,Endeavor Air Inc.,"New York, NY",2023,1
2994.00,0.00,Republic Airline,"New York, NY",2023,1
3005.00,0.00,JetBlue Airways,"New York, NY",2023,1
3008.00,0.00,Endeavor Air Inc.,"Burlington, VT",2023,1
3022.00,0.00,Republic Airline,"New York, NY",2023,1
3026.00,0.00,Frontier Airlines Inc.,"Syracuse, NY",2023,1
3030.00,0.00,JetBlue Airways,"New York, NY",2023,1
3032.00,0.00,Republic Airline,"Norfolk, VA",2023,1
3035.00,0.00,Republic Airline,"Hartford, CT",2023,1
3044.00,0.00,JetBlue Airways,"New York, NY",2023,1
3051.00,0.00,Spirit Air Lines,"Charlotte, NC",2023,1
3055.00,0.00,Republic Airline,"New York, NY",2023,1
3070.00,0.00,Republic Airline,"Portland, ME",2023,1
3071.00,0.00,JetBlue Airways,"Orlando, FL",2023,1
3089.00,1.00,PSA Airlines Inc.,"Washington, DC",2023,1
3091.00,54.00,United Air Lines Inc.,"Newark, NJ",2023,1
3095.00,0.00,JetBlue Airways,"Dallas/Fort Worth, TX",2023,1
3108.00,0.00,JetBlue Airways,"Albany, NY",2023,1
3111.00,0.00,Endeavor Air Inc.,"Bangor, ME",2023,1
3114.00,0.00,JetBlue Airways,"New York, NY",2023,1
3120.00,0.00,Endeavor Air Inc.,"New York, NY",2023,1
3126.00,0.00,Endeavor Air Inc.,"New York, NY",2023,1
3127.00,0.00,CommuteAir LLC dba CommuteAir,"Washington, DC",2023,1
3133.00,0.00,American Airlines Inc.,"Buffalo, NY",2023,1
3133.00,0.00,JetBlue Airways,"Seattle, WA",2023,1
3135.00,0.00,Endeavor Air Inc.,"New York, NY",2023,1
3139.00,0.00,Endeavor Air Inc.,"Norfolk, VA",2023,1
3146.00,0.00,Delta Air Lines Inc.,"White Plains, NY",2023,1
3146.00,0.00,JetBlue Airways,"New Orleans, LA",2023,1
3156.00,168.00,United Air Lines Inc.,"Syracuse, NY",2023,1
3162.00,0.00,JetBlue Airways,"New York, NY",2023,1
3185.00,0.00,PSA Airlines Inc.,"Rochester, NY",2023,1
3192.00,0.00,JetBlue Airways,"Buffalo, NY",2023,1
3194.00,0.00,JetBlue Airways,"New York, NY",2023,1
3212.00,0.00,JetBlue Airways,"Fort Lauderdale, FL",2023,1
3231.00,275.00,United Air Lines Inc.,"Syracuse, NY",2023,1
3241.00,0.00,Endeavor Air Inc.,"Norfolk, VA",2023,1
3247.00,0.00,American Airlines Inc.,"Dallas/Fort Worth, TX",2023,1
3257.00,0.00,Endeavor Air Inc.,"New York, NY",2023,1
3261.00,0.00,Endeavor Air Inc.,"Greer, SC",2023,1
3270.00,0.00,Endeavor Air Inc.,"New York, NY",2023,1
3270.00,0.00,JetBlue Airways,"Burbank, CA",2023,1
3286.00,0.00,JetBlue Airways,"White Plains, NY",2023,1
3298.00,0.00,SkyWest Airlines Inc.,"Detroit, MI",2023,1
3299.00,0.00,Endeavor Air Inc.,"Providence, RI",2023,1
3304.00,0.00,PSA Airlines Inc.,"Buffalo, NY",2023,1
3319.00,0.00,Delta Air Lines Inc.,"Atlanta, GA",2023,1
3322.00,0.00,Republic Airline,"New York, NY",2023,1
3328.00,0.00,Republic Airline,"Chicago, IL",2023,1
3329.00,0.00,Endeavor Air Inc.,"New York, NY",2023,1
3337.00,0.00,Endeavor Air Inc.,"New York, NY",2023,1
3338.00,222.00,United Air Lines Inc.,"Chicago, IL",2023,1
3339.00,0.00,CommuteAir LLC dba CommuteAir,"Rochester, NY",2023,1
3339.00,0.00,JetBlue Airways,"Tampa, FL",2023,1
3342.00,0.00,Republic Airline,"New York, NY",2023,1
3368.00,0.00,SkyWest Airlines Inc.,"White Plains, NY",2023,1
3380.00,0.00,Republic Airline,"Louisville, KY",2023,1
3396.00,0.00,American Airlines Inc.,"New York, NY",2023,1
3404.00,0.00,JetBlue Airways,"Fort Myers, FL",2023,1
3413.00,0.00,Spirit Air Lines,"New York, NY",2023,1
3417.00,215.00,United Air Lines Inc.,"Denver, CO",2023,1
3430.00,0.00,PSA Airlines Inc.,"Philadelphia, PA",2023,1
3445.00,0.00,JetBlue Airways,"Savannah, GA",2023,1
3470.00,0.00,Endeavor Air Inc.,"Albany, NY",2023,1
3475.00,0.00,Mesa Airlines Inc.,"Houston, TX",2023,1
3499.00,0.00,Endeavor Air Inc.,"Jacksonville, FL",2023,1
3512.00,0.00,Republic Airline,"Chicago, IL",2023,1
3513.00,0.00,SkyWest Airlines Inc.,"Chicago, IL",2023,1
3584.00,0.00,JetBlue Airways,"Nashville, TN",2023,1
3601.00,0.00,Endeavor Air Inc.,"Milwaukee, WI",2023,1
3605.00,0.00,Endeavor Air Inc.,"New York, NY",2023,1
3614.00,0.00,Republic Airline,"Detroit, MI",2023,1
3617.00,0.00,Delta Air Lines Inc.,"Sarasota/Bradenton, FL",2023,1
3625.00,0.00,JetBlue Airways,"Sarasota/Bradenton, FL",2023,1
3656.00,0.00,Endeavor Air Inc.,"Nashville, TN",2023,1
3656.00,0.00,Frontier Airlines Inc.,"Buffalo, NY",2023,1
3659.00,0.00,Republic Airline,"New York, NY",2023,1
3662.00,0.00,JetBlue Airways,"New York, NY",2023,1
3677.00,45845.00,Alaska Airlines Inc.,"New York, NY",2023,1
3696.00,0.00,JetBlue Airways,"Syracuse, NY",2023,1
3724.00,11930.00,Southwest Airlines Co.,"Kansas City, MO",2023,1
3734.00,0.00,Mesa Airlines Inc.,"New York, NY",2023,1
3753.00,0.00,JetBlue Airways,"New York, NY",2023,1
3753.00,103.00,Delta Air Lines Inc.,"New York, NY",2023,1
3769.00,0.00,JetBlue Airways,"San Antonio, TX",2023,1
3788.00,1341.00,Delta Air Lines Inc.,"New York, NY",2023,1
3804.00,0.00,JetBlue Airways,"New York, NY",2023,1
3804.00,3674.00,Southwest Airlines Co.,"New Orleans, LA",2023,1
3805.00,0.00,JetBlue Airways,"New York, NY",2023,1
3807.00,0.00,JetBlue Airways,"Sacramento, CA",2023,1
3835.00,0.00,SkyWest Airlines Inc.,"Albany, NY",2023,1
3840.00,0.00,Republic Airline,"Charlotte, NC",2023,1
3864.00,0.00,JetBlue Airways,"Charleston, SC",2023,1
3893.00,0.00,Endeavor Air Inc.,"New York, NY",2023,1
3901.00,3.00,PSA Airlines Inc.,"White Plains, NY",2023,1
3918.00,0.00,Republic Airline,"New York, NY",2023,1
3934.00,1262.00,Southwest Airlines Co.,"New York, NY",2023,1
3960.00,0.00,JetBlue Airways,"New York, NY",2023,1
3973.00,0.00,Endeavor Air Inc.,"Cleveland, OH",2023,1
3975.00,0.00,JetBlue Airways,"Houston, TX",2023,1
3978.00,0.00,JetBlue Airways,"Buffalo, NY",2023,1
3978.00,7044.00,Delta Air Lines Inc.,"Boston, MA",2023,1
3989.00,0.00,JetBlue Airways,"New York, NY",2023,1
3990.00,0.00,JetBlue Airways,"Ponce, PR",2023,1
3997.00,0.00,Frontier Airlines Inc.,"Islip, NY",2023,1
4026.00,0.00,JetBlue Airways,"New York, NY",2023,1
4032.00,0.00,CommuteAir LLC dba CommuteAir,"Albany, NY",2023,1
4037.00,0.00,JetBlue Airways,"Charleston, SC",2023,1
4057.00,0.00,Frontier Airlines Inc.,"Tampa, FL",2023,1
4113.00,0.00,CommuteAir LLC dba CommuteAir,"Washington, DC",2023,1
4126.00,0.00,Republic Airline,"New York, NY",2023,1
4131.00,0.00,JetBlue Airways,"Boston, MA",2023,1
4131.00,1976.00,Delta Air Lines Inc.,"Dallas/Fort Worth, TX",2023,1
4132.00,2470.00,Southwest Airlines Co.,"Islip, NY",2023,1
4155.00,0.00,PSA Airlines Inc.,"Washington, DC",2023,1
4155.00,4553.00,Southwest Airlines Co.,"Tampa, FL",2023,1
4178.00,0.00,JetBlue Airways,"New York, NY",2023,1
4216.00,0.00,Spirit Air Lines,"New York, NY",2023,1
4226.00,446.00,Delta Air Lines Inc.,"New York, NY",2023,1
4250.00,8323.00,Southwest Airlines Co.,"New York, NY",2023,1
4270.00,4582.00,Southwest Airlines Co.,"Buffalo, NY",2023,1
4274.00,0.00,Endeavor Air Inc.,"Charleston, SC",2023,1
4278.00,3680.00,Southwest Airlines Co.,"Rochester, NY",2023,1
4292.00,0.00,Southwest Airlines Co.,"Chicago, IL",2023,1
4307.00,0.00,Endeavor Air Inc.,"New York, NY",2023,1
4311.00,0.00,Endeavor Air Inc.,"New York, NY",2023,1
4350.00,0.00,Republic Airline,"Indianapolis, IN",2023,1
4376.00,0.00,PSA Airlines Inc.,"Washington, DC",2023,1
4414.00,7725.00,Southwest Airlines Co.,"New York, NY",2023,1
4437.00,0.00,Spirit Air Lines,"Myrtle Beach, SC",2023,1
4442.00,0.00,JetBlue Airways,"New York, NY",2023,1
4463.00,0.00,JetBlue Airways,"Fort Myers, FL",2023,1
4464.00,0.00,JetBlue Airways,"White Plains, NY",2023,1
4474.00,0.00,JetBlue Airways,"New York, NY",2023,1
4476.00,0.00,Endeavor Air Inc.,"New York, NY",2023,1
4481.00,0.00,JetBlue Airways,"New York, NY",2023,1
4482.00,0.00,Endeavor Air Inc.,"Rochester, NY",2023,1
4508.00,0.00,Endeavor Air Inc.,"New York, NY",2023,1
4516.00,0.00,JetBlue Airways,"Ontario, CA",2023,1
4519.00,0.00,SkyWest Airlines Inc.,"New York, NY",2023,1
4535.00,5285.00,Delta Air Lines Inc.,"Portland, OR",2023,1
4557.00,1955.00,Alaska Airlines Inc.,"Portland, OR",2023,1
4561.00,0.00,JetBlue Airways,"New York, NY",2023,1
4562.00,0.00,Endeavor Air Inc.,"Syracuse, NY",2023,1
4562.00,0.00,Spirit Air Lines,"New York, NY",2023,1
4578.00,0.00,JetBlue Airways,"Syracuse, NY",2023,1
4590.00,0.00,Republic Airline,"Pittsburgh, PA",2023,1
4601.00,0.00,SkyWest Airlines Inc.,"Detroit, MI",2023,1
4651.00,9158.00,Delta Air Lines Inc.,"New York, NY",2023,1
4654.00,0.00,Republic Airline,"New York, NY",2023,1
4655.00,0.00,Frontier Airlines Inc.,"Tampa, FL",2023,1
4685.00,124.00,PSA Airlines Inc.,"White Plains, NY",2023,1
4696.00,0.00,Endeavor Air Inc.,"New York, NY",2023,1
4703.00,0.00,JetBlue Airways,"New York, NY",2023,1
4731.00,0.00,SkyWest Airlines Inc.,"Chicago, IL",2023,1
4741.00,0.00,Spirit Air Lines,"Houston, TX",2023,1
4748.00,0.00,Spirit Air Lines,"Dallas/Fort Worth, TX",2023,1
4770.00,0.00,Frontier Airlines Inc.,"New York, NY",2023,1
4774.00,515.00,Delta Air Lines Inc.,"New York, NY",2023,1
4780.00,0.00,PSA Airlines Inc.,"Albany, NY",2023,1
4827.00,0.00,JetBlue Airways,"Detroit, MI",2023,1
4834.00,0.00,Republic Airline,"New York, NY",2023,1
4850.00,0.00,Frontier Airlines Inc.,"Atlanta, GA",2023,1
4876.00,1285.00,Southwest Airlines Co.,"Islip, NY",2023,1
4932.00,0.00,JetBlue Airways,"Austin, TX",2023,1
4970.00,0.00,SkyWest Airlines Inc.,"Detroit, MI",2023,1
5007.00,0.00,Endeavor Air Inc.,"Charleston, SC",2023,1
5018.00,0.00,Republic Airline,"Richmond, VA",2023,1
5028.00,0.00,Republic Airline,"St. Louis, MO",2023,1
5063.00,0.00,SkyWest Airlines Inc.,"Syracuse, NY",2023,1
5079.00,0.00,Spirit Air Lines,"New York, NY",2023,1
5097.00,22961.00,Delta Air Lines Inc.,"Honolulu, HI",2023,1
5125.00,10658.00,American Airlines Inc.,"New York, NY",2023,1
5176.00,0.00,Frontier Airlines Inc.,"Orlando, FL",2023,1
5182.00,687.00,Delta Air Lines Inc.,"New Orleans, LA",2023,1
5197.00,0.00,Frontier Airlines Inc.,"New York, NY",2023,1
5217.00,0.00,Republic Airline,"New York, NY",2023,1
5241.00,0.00,Endeavor Air Inc.,"New York, NY",2023,1
5243.00,110.00,Southwest Airlines Co.,"Orlando, FL",2023,1
5244.00,572.00,Southwest Airlines Co.,"Chicago, IL",2023,1
5246.00,0.00,Frontier Airlines Inc.,"Islip, NY",2023,1
5246.00,0.00,Frontier Airlines Inc.,"West Palm Beach/Palm Beach, FL",2023,1
5259.00,1010.00,Southwest Airlines Co.,"Tampa, FL",2023,1
5269.00,1175.00,Delta Air Lines Inc.,"Charlotte Amalie, VI",2023,1
5272.00,0.00,Endeavor Air Inc.,"Savannah, GA",2023,1
5283.00,55.00,Southwest Airlines Co.,"West Palm Beach/Palm Beach, FL",2023,1
5320.00,0.00,Endeavor Air Inc.,"New York, NY",2023,1
5337.00,119.00,PSA Airlines Inc.,"Charlotte, NC",2023,1
5346.00,0.00,Endeavor Air Inc.,"Rochester, NY",2023,1
5383.00,0.00,Frontier Airlines Inc.,"New York, NY",2023,1
5393.00,0.00,Frontier Airlines Inc.,"Miami, FL",2023,1
5397.00,0.00,Endeavor Air Inc.,"Charlotte, NC",2023,1
5397.00,0.00,Endeavor Air Inc.,"New York, NY",2023,1
5401.00,0.00,JetBlue Airways,"Denver, CO",2023,1
5412.00,124551.00,Delta Air Lines Inc.,"New York, NY",2023,1
5417.00,0.00,Delta Air Lines Inc.,"New York, NY",2023,1
5430.00,0.00,Republic Airline,"New York, NY",2023,1
5447.00,0.00,Delta Air Lines Inc.,"Buffalo, NY",2023,1
5447.00,8147.00,Alaska Airlines Inc.,"New York, NY",2023,1
5487.00,137.00,Delta Air Lines Inc.,"Fort Myers, FL",2023,1
5491.00,0.00,Endeavor Air Inc.,"Minneapolis, MN",2023,1
5505.00,0.00,Endeavor Air Inc.,"New York, NY",2023,1
5544.00,1015.00,United Air Lines Inc.,"Buffalo, NY",2023,1
5577.00,0.00,Frontier Airlines Inc.,"Buffalo, NY",2023,1
5621.00,0.00,Endeavor Air Inc.,"Detroit, MI",2023,1
5647.00,598.00,American Airlines Inc.,"Rochester, NY",2023,1
5684.00,0.00,Republic Airline,"New York, NY",2023,1
5700.00,0.00,JetBlue Airways,"Chicago, IL",2023,1
5735.00,0.00,Republic Airline,"Nashville, TN",2023,1
5753.00,0.00,Republic Airline,"Raleigh/Durham, NC",2023,1
5805.00,0.00,Endeavor Air Inc.,"Cincinnati, OH",2023,1
5838.00,0.00,JetBlue Airways,"New Orleans, LA",2023,1
5884.00,0.00,Republic Airline,"New York, NY",2023,1
5904.00,1098.00,Alaska Airlines Inc.,"San Diego, CA",2023,1
5969.00,0.00,Frontier Airlines Inc.,"Orlando, FL",2023,1
5976.00,0.00,JetBlue Airways,"New York, NY",2023,1
6002.00,0.00,Republic Airline,"New York, NY",2023,1
6027.00,0.00,JetBlue Airways,"New York, NY",2023,1
6052.00,360.00,United Air Lines Inc.,"Albany, NY",2023,1
6058.00,1355.00,American Airlines Inc.,"New York, NY",2023,1
6061.00,70.00,Delta Air Lines Inc.,"New York, NY",2023,1
6063.00,123.00,Delta Air Lines Inc.,"New Orleans, LA",2023,1
6064.00,6826.00,Southwest Airlines Co.,"Albany, NY",2023,1
6073.00,0.00,Endeavor Air Inc.,"New York, NY",2023,1
6080.00,0.00,Republic Airline,"New York, NY",2023,1
6083.00,0.00,JetBlue Airways,"New York, NY",2023,1
6102.00,1409.00,United Air Lines Inc.,"Chicago, IL",2023,1
6123.00,249.00,United Air Lines Inc.,"Rochester, NY",2023,1
6133.00,2098.00,Southwest Airlines Co.,"Albany, NY",2023,1
6139.00,0.00,JetBlue Airways,"New York, NY",2023,1
6141.00,15166.00,Delta Air Lines Inc.,"Boston, MA",2023,1
6181.00,195749.00,Hawaiian Airlines Inc.,"Honolulu, HI",2023,1
6193.00,0.00,Republic Airline,"Atlanta, GA",2023,1
6200.00,15550.00,American Airlines Inc.,"San Francisco, CA",2023,1
6214.00,0.00,Endeavor Air Inc.,"Buffalo, NY",2023,1
6291.00,0.00,Republic Airline,"Kansas City, MO",2023,1
6302.00,0.00,JetBlue Airways,"Burlington, VT",2023,1
6304.00,0.00,Delta Air Lines Inc.,"Detroit, MI",2023,1
6310.00,691.00,Delta Air Lines Inc.,"Denver, CO",2023,1
6330.00,472.00,Delta Air Lines Inc.,"New York, NY",2023,1
6345.00,0.00,JetBlue Airways,"Jacksonville, FL",2023,1
6369.00,394.00,United Air Lines Inc.,"Chicago, IL",2023,1
6452.00,0.00,JetBlue Airways,"Rochester, NY",2023,1
6500.00,0.00,Republic Airline,"Columbus, OH",2023,1
6515.00,38.00,American Airlines Inc.,"New York, NY",2023,1
6555.00,18909.00,American Airlines Inc.,"Chicago, IL",2023,1
6603.00,0.00,JetBlue Airways,"New York, NY",2023,1
6622.00,215.00,United Air Lines Inc.,"Chicago, IL",2023,1
6625.00,617.00,Southwest Airlines Co.,"Orlando, FL",2023,1
6638.00,0.00,JetBlue Airways,"New York, NY",2023,1
6642.00,0.00,JetBlue Airways,"Jacksonville, FL",2023,1
6702.00,0.00,Endeavor Air Inc.,"Detroit, MI",2023,1
6732.00,354.00,American Airlines Inc.,"Charlotte, NC",2023,1
6751.00,10172.00,Delta Air Lines Inc.,"New York, NY",2023,1
6770.00,0.00,Republic Airline,"Indianapolis, IN",2023,1
6782.00,7848.00,American Airlines Inc.,"New York, NY",2023,1
6814.00,0.00,JetBlue Airways,"New York, NY",2023,1
6814.00,1289.00,American Airlines Inc.,"Austin, TX",2023,1
6987.00,912.00,Southwest Airlines Co.,"Orlando, FL",2023,1
6988.00,476759.00,Hawaiian Airlines Inc.,"New York, NY",2023,1
7004.00,56.00,Delta Air Lines Inc.,"New York, NY",2023,1
7047.00,1680.00,Delta Air Lines Inc.,"West Palm Beach/Palm Beach, FL",2023,1
7093.00,775.00,American Airlines Inc.,"Raleigh/Durham, NC",2023,1
7102.00,0.00,Republic Airline,"New York, NY",2023,1
7159.00,0.00,JetBlue Airways,"Denver, CO",2023,1
7340.00,2073.00,Southwest Airlines Co.,"Buffalo, NY",2023,1
7422.00,5605.00,Southwest Airlines Co.,"Chicago, IL",2023,1
7454.00,14850.00,Southwest Airlines Co.,"Buffalo, NY",2023,1
7670.00,3185.00,Delta Air Lines Inc.,"New York, NY",2023,1
7733.00,1090.00,Delta Air Lines Inc.,"New York, NY",2023,1
7811.00,0.00,Southwest Airlines Co.,"Baltimore, MD",2023,1
7821.00,0.00,Endeavor Air Inc.,"New York, NY",2023,1
7825.00,0.00,Endeavor Air Inc.,"New York, NY",2023,1
7843.00,0.00,JetBlue Airways,"Phoenix, AZ",2023,1
7909.00,491.00,Delta Air Lines Inc.,"Fort Myers, FL",2023,1
7945.00,0.00,Republic Airline,"Pittsburgh, PA",2023,1
8019.00,0.00,Delta Air Lines Inc.,"Albany, NY",2023,1
8049.00,0.00,Delta Air Lines Inc.,"Atlanta, GA",2023,1
8218.00,0.00,Southwest Airlines Co.,"Syracuse, NY",2023,1
8245.00,0.00,JetBlue Airways,"San Diego, CA",2023,1
8247.00,0.00,Delta Air Lines Inc.,"Atlanta, GA",2023,1
8273.00,3718.00,Delta Air Lines Inc.,"Dallas/Fort Worth, TX",2023,1
8276.00,0.00,Delta Air Lines Inc.,"Syracuse, NY",2023,1
8391.00,0.00,Republic Airline,"New York, NY",2023,1
8392.00,0.00,Mesa Airlines Inc.,"Washington, DC",2023,1
8398.00,0.00,JetBlue Airways,"New York, NY",2023,1
8400.00,0.00,JetBlue Airways,"New York, NY",2023,1
8442.00,98.00,Delta Air Lines Inc.,"New York, NY",2023,1
8450.00,0.00,Endeavor Air Inc.,"Raleigh/Durham, NC",2023,1
8496.00,0.00,Republic Airline,"New York, NY",2023,1
8613.00,0.00,JetBlue Airways,"New York, NY",2023,1
8661.00,0.00,JetBlue Airways,"New York, NY",2023,1
8686.00,12462.00,Delta Air Lines Inc.,"New York, NY",2023,1
8710.00,11782.00,Southwest Airlines Co.,"Islip, NY",2023,1
8869.00,0.00,Endeavor Air Inc.,"Raleigh/Durham, NC",2023,1
8877.00,0.00,JetBlue Airways,"Salt Lake City, UT",2023,1
8889.00,0.00,JetBlue Airways,"Fort Myers, FL",2023,1
8890.00,223.00,American Airlines Inc.,"Buffalo, NY",2023,1
8923.00,0.00,American Airlines Inc.,"Albany, NY",2023,1
8932.00,4301.00,Delta Air Lines Inc.,"Houston, TX",2023,1
8946.00,0.00,JetBlue Airways,"New York, NY",2023,1
8992.00,4438.00,Delta Air Lines Inc.,"Atlanta, GA",2023,1
9011.00,0.00,Delta Air Lines Inc.,"New York, NY",2023,1
9016.00,0.00,Republic Airline,"Columbus, OH",2023,1
9018.00,17220.00,Southwest Airlines Co.,"New York, NY",2023,1
9040.00,0.00,JetBlue Airways,"New York, NY",2023,1
9069.00,0.00,Frontier Airlines Inc.,"Orlando, FL",2023,1
9073.00,338.00,Delta Air Lines Inc.,"New York, NY",2023,1
9090.00,8432.00,Southwest Airlines Co.,"Baltimore, MD",2023,1
9146.00,14512.00,Delta Air Lines Inc.,"Austin, TX",2023,1
9149.00,17193.00,Delta Air Lines Inc.,"Rochester, NY",2023,1
9157.00,0.00,Republic Airline,"New York, NY",2023,1
9159.00,9252.00,Southwest Airlines Co.,"Rochester, NY",2023,1
9161.00,0.00,JetBlue Airways,"Raleigh/Durham, NC",2023,1
9203.00,21775.00,Southwest Airlines Co.,"St. Louis, MO",2023,1
9244.00,2487.00,American Airlines Inc.,"Washington, DC",2023,1
9366.00,33503.00,Delta Air Lines Inc.,"Denver, CO",2023,1
9546.00,771.00,American Airlines Inc.,"New York, NY",2023,1
9569.00,0.00,JetBlue Airways,"Tampa, FL",2023,1
9630.00,0.00,Mesa Airlines Inc.,"New York, NY",2023,1
9701.00,10.00,American Airlines Inc.,"Charlotte, NC",2023,1
9722.00,1422.00,American Airlines Inc.,"Charlotte, NC",2023,1
9819.00,0.00,Frontier Airlines Inc.,"Islip, NY",2023,1
9876.00,0.00,Republic Airline,"Washington, DC",2023,1
9921.00,0.00,American Airlines Inc.,"Charlotte, NC",2023,1
9962.00,0.00,JetBlue Airways,"Aguadilla, PR",2023,1
10017.00,7564.00,Delta Air Lines Inc.,"San Diego, CA",2023,1
10060.00,3136.00,Southwest Airlines Co.,"Baltimore, MD",2023,1
10075.00,0.00,JetBlue Airways,"Fort Lauderdale, FL",2023,1
10237.00,0.00,JetBlue Airways,"White Plains, NY",2023,1
10310.00,0.00,Spirit Air Lines,"Miami, FL",2023,1
10382.00,4404.00,American Airlines Inc.,"Syracuse, NY",2023,1
10426.00,5552.00,Delta Air Lines Inc.,"New York, NY",2023,1
10431.00,0.00,JetBlue Airways,"New York, NY",2023,1
10475.00,0.00,Republic Airline,"New York, NY",2023,1
10494.00,0.00,Spirit Air Lines,"New York, NY",2023,1
10595.00,33020.00,Southwest Airlines Co.,"Houston, TX",2023,1
10740.00,0.00,Republic Airline,"Boston, MA",2023,1
10855.00,12176.00,Southwest Airlines Co.,"New York, NY",2023,1
10859.00,0.00,JetBlue Airways,"Orlando, FL",2023,1
10914.00,46018.00,Delta Air Lines Inc.,"Phoenix, AZ",2023,1
10923.00,26315.00,Delta Air Lines Inc.,"New York, NY",2023,1
10970.00,24799.00,Southwest Airlines Co.,"Nashville, TN",2023,1
11058.00,0.00,Spirit Air Lines,"Detroit, MI",2023,1
11249.00,0.00,JetBlue Airways,"White Plains, NY",2023,1
11301.00,0.00,Spirit Air Lines,"New York, NY",2023,1
11604.00,582.00,Delta Air Lines Inc.,"New York, NY",2023,1
11630.00,0.00,Republic Airline,"Washington, DC",2023,1
11673.00,23112.00,Delta Air Lines Inc.,"New York, NY",2023,1
11769.00,3700.00,Delta Air Lines Inc.,"Tampa, FL",2023,1
11796.00,128705.00,Alaska Airlines Inc.,"New York, NY",2023,1
11883.00,0.00,Delta Air Lines Inc.,"Buffalo, NY",2023,1
11934.00,0.00,JetBlue Airways,"West Palm Beach/Palm Beach, FL",2023,1
11944.00,22823.00,Southwest Airlines Co.,"New York, NY",2023,1
11991.00,12308.00,American Airlines Inc.,"New York, NY",2023,1
12111.00,0.00,JetBlue Airways,"New York, NY",2023,1
12131.00,2234.00,American Airlines Inc.,"Phoenix, AZ",2023,1
12171.00,5802.00,American Airlines Inc.,"New York, NY",2023,1
12391.00,0.00,Delta Air Lines Inc.,"Atlanta, GA",2023,1
12579.00,0.00,JetBlue Airways,"Buffalo, NY",2023,1
12579.00,18476.00,Alaska Airlines Inc.,"Seattle, WA",2023,1
12622.00,0.00,JetBlue Airways,"New York, NY",2023,1
12660.00,0.00,JetBlue Airways,"Atlanta, GA",2023,1
12662.00,15513.00,Southwest Airlines Co.,"Albany, NY",2023,1
12672.00,19221.00,American Airlines Inc.,"Dallas/Fort Worth, TX",2023,1
12693.00,0.00,JetBlue Airways,"Las Vegas, NV",2023,1
12786.00,12329.00,Delta Air Lines Inc.,"Chicago, IL",2023,1
12991.00,0.00,JetBlue Airways,"New York, NY",2023,1
13283.00,0.00,Republic Airline,"New York, NY",2023,1
13287.00,0.00,JetBlue Airways,"New York, NY",2023,1
13500.00,17383.00,Southwest Airlines Co.,"New York, NY",2023,1
13677.00,63265.00,Southwest Airlines Co.,"Dallas, TX",2023,1
13719.00,91659.00,Delta Air Lines Inc.,"Seattle, WA",2023,1
13742.00,259288.00,Delta Air Lines Inc.,"New York, NY",2023,1
13952.00,0.00,JetBlue Airways,"New York, NY",2023,1
13980.00,157.00,United Air Lines Inc.,"Chicago, IL",2023,1
14011.00,37411.00,Southwest Airlines Co.,"Atlanta, GA",2023,1
14049.00,26667.00,Southwest Airlines Co.,"Buffalo, NY",2023,1
14129.00,54862.00,Delta Air Lines Inc.,"San Juan, PR",2023,1
14275.00,38311.00,Southwest Airlines Co.,"Denver, CO",2023,1
14341.00,2609.00,United Air Lines Inc.,"New York, NY",2023,1
14445.00,0.00,JetBlue Airways,"Boston, MA",2023,1
14478.00,19980.00,Delta Air Lines Inc.,"New York, NY",2023,1
14494.00,61685.00,Southwest Airlines Co.,"New York, NY",2023,1
14754.00,34470.00,Southwest Airlines Co.,"New York, NY",2023,1
14760.00,0.00,Republic Airline,"Boston, MA",2023,1
14898.00,0.00,Spirit Air Lines,"Orlando, FL",2023,1
14932.00,22392.00,American Airlines Inc.,"New York, NY",2023,1
15182.00,0.00,JetBlue Airways,"Miami, FL",2023,1
15210.00,0.00,Spirit Air Lines,"New York, NY",2023,1
15211.00,119.00,United Air Lines Inc.,"Houston, TX",2023,1
15235.00,0.00,JetBlue Airways,"Tampa, FL",2023,1
15291.00,20101.00,American Airlines Inc.,"Charlotte, NC",2023,1
15335.00,1619.00,Delta Air Lines Inc.,"Tampa, FL",2023,1
15346.00,0.00,JetBlue Airways,"New York, NY",2023,1
15451.00,0.00,JetBlue Airways,"New York, NY",2023,1
15514.00,1294.00,United Air Lines Inc.,"New York, NY",2023,1
15579.00,16497.00,Alaska Airlines Inc.,"New York, NY",2023,1
15698.00,44748.00,Delta Air Lines Inc.,"New York, NY",2023,1
15850.00,0.00,JetBlue Airways,"New York, NY",2023,1
16094.00,11971.00,Delta Air Lines Inc.,"Minneapolis, MN",2023,1
16197.00,334.00,Delta Air Lines Inc.,"West Palm Beach/Palm Beach, FL",2023,1
16552.00,4429.00,Delta Air Lines Inc.,"New York, NY",2023,1
16552.00,4909.00,Southwest Airlines Co.,"Baltimore, MD",2023,1
16595.00,5764.00,Alaska Airlines Inc.,"San Francisco, CA",2023,1
16603.00,0.00,JetBlue Airways,"Boston, MA",2023,1
16675.00,10279.00,Southwest Airlines Co.,"Baltimore, MD",2023,1
16776.00,2502.00,Delta Air Lines Inc.,"New York, NY",2023,1
17292.00,3027.00,Delta Air Lines Inc.,"New York, NY",2023,1
17310.00,13335.00,Delta Air Lines Inc.,"Detroit, MI",2023,1
17817.00,0.00,JetBlue Airways,"New York, NY",2023,1
18277.00,0.00,JetBlue Airways,"San Francisco, CA",2023,1
18527.00,42600.00,Southwest Airlines Co.,"New York, NY",2023,1
18859.00,64725.00,Southwest Airlines Co.,"Chicago, IL",2023,1
18874.00,8961.00,Delta Air Lines Inc.,"Fort Lauderdale, FL",2023,1
18945.00,0.00,JetBlue Airways,"Orlando, FL",2023,1
19152.00,13957.00,Delta Air Lines Inc.,"Fort Lauderdale, FL",2023,1
19271.00,15092.00,Delta Air Lines Inc.,"Miami, FL",2023,1
19569.00,41452.00,Delta Air Lines Inc.,"New York, NY",2023,1
19928.00,13443.00,Delta Air Lines Inc.,"New York, NY",2023,1
20035.00,40361.00,American Airlines Inc.,"Los Angeles, CA",2023,1
20069.00,39783.00,Delta Air Lines Inc.,"New York, NY",2023,1
20235.00,0.00,JetBlue Airways,"West Palm Beach/Palm Beach, FL",2023,1
20478.00,23070.00,American Airlines Inc.,"New York, NY",2023,1
20536.00,26098.00,Delta Air Lines Inc.,"Las Vegas, NV",2023,1
20552.00,0.00,JetBlue Airways,"West Palm Beach/Palm Beach, FL",2023,1
20940.00,81839.00,Delta Air Lines Inc.,"Salt Lake City, UT",2023,1
21080.00,875.00,Delta Air Lines Inc.,"Miami, FL",2023,1
21086.00,91757.00,Delta Air Lines Inc.,"New York, NY",2023,1
21177.00,8149.00,Delta Air Lines Inc.,"New York, NY",2023,1
21217.00,539.00,United Air Lines Inc.,"New York, NY",2023,1
21287.00,13557.00,Delta Air Lines Inc.,"New York, NY",2023,1
21350.00,0.00,JetBlue Airways,"New York, NY",2023,1
21627.00,0.00,JetBlue Airways,"White Plains, NY",2023,1
21756.00,0.00,JetBlue Airways,"New York, NY",2023,1
21989.00,194063.00,Delta Air Lines Inc.,"New York, NY",2023,1
22020.00,502.00,United Air Lines Inc.,"Denver, CO",2023,1
22167.00,559475.00,Delta Air Lines Inc.,"San Francisco, CA",2023,1
22313.00,0.00,Spirit Air Lines,"Fort Lauderdale, FL",2023,1
23530.00,0.00,Spirit Air Lines,"New York, NY",2023,1
24223.00,0.00,JetBlue Airways,"Fort Lauderdale, FL",2023,1
24372.00,100761.00,Delta Air Lines Inc.,"Orlando, FL",2023,1
24893.00,35617.00,Delta Air Lines Inc.,"New York, NY",2023,1
26339.00,0.00,JetBlue Airways,"New York, NY",2023,1
26972.00,576212.00,Delta Air Lines Inc.,"Atlanta, GA",2023,1
26973.00,6041.00,American Airlines Inc.,"Chicago, IL",2023,1
27614.00,2281.00,American Airlines Inc.,"New York, NY",2023,1
27935.00,2931.00,Delta Air Lines Inc.,"Orlando, FL",2023,1
28508.00,48461.00,Delta Air Lines Inc.,"New York, NY",2023,1
28532.00,438755.00,Delta Air Lines Inc.,"New York, NY",2023,1
28752.00,4318.00,American Airlines Inc.,"Charlotte, NC",2023,1
29698.00,0.00,JetBlue Airways,"Orlando, FL",2023,1
30204.00,4688.00,American Airlines Inc.,"New York, NY",2023,1
31413.00,0.00,JetBlue Airways,"Fort Lauderdale, FL",2023,1
32216.00,0.00,JetBlue Airways,"New York, NY",2023,1
32421.00,0.00,JetBlue Airways,"San Juan, PR",2023,1
33589.00,0.00,JetBlue Airways,"New York, NY",2023,1
34488.00,0.00,JetBlue Airways,"New York, NY",2023,1
35506.00,0.00,JetBlue Airways,"Los Angeles, CA",2023,1
35947.00,0.00,JetBlue Airways,"New York, NY",2023,1
41678.00,25885.00,American Airlines Inc.,"Dallas/Fort Worth, TX",2023,1
42026.00,17033.00,American Airlines Inc.,"New York, NY",2023,1
42956.00,1657.00,American Airlines Inc.,"Miami, FL",2023,1
44591.00,1903076.00,Delta Air Lines Inc.,"New York, NY",2023,1
45391.00,1324477.00,Delta Air Lines Inc.,"Los Angeles, CA",2023,1
45796.00,299745.00,American Airlines Inc.,"Miami, FL",2023,1
46310.00,13774.00,American Airlines Inc.,"New York, NY",2023,1
50743.00,52356.00,Delta Air Lines Inc.,"Atlanta, GA",2023,1
51373.00,541937.00,American Airlines Inc.,"New York, NY",2023,1
51392.00,22191.00,Delta Air Lines Inc.,"New York, NY",2023,1
